delta,ram
0,0.003002166748046875
0.00022445901413448155,0.003002166748046875
0.00036397200892679393,0.003002166748046875
0.0004725320031866431,0.003002166748046875
0.0005627720092888921,0.003002166748046875
0.0006506789941340685,0.003002166748046875
0.0007371660030912608,0.003002166748046875
0.0008309500117320567,0.003002166748046875
0.000917245022719726,0.003002166748046875
0.0010010010155383497,0.003002166748046875
0.00108505500247702,0.003002166748046875
0.0011826000118162483,0.003002166748046875
0.0012710170121863484,0.003002166748046875
0.0013560749939642847,0.003002166748046875
0.0014403020031750202,0.003002166748046875
0.001530676003312692,0.003002166748046875
0.0016139350191224366,0.003002166748046875
0.0016968609998002648,0.003482818603515625
0.0017850059957709163,0.003482818603515625
0.0018690300057642162,0.003482818603515625
0.001952712016645819,0.003482818603515625
0.0020361189963296056,0.003482818603515625
0.002121703000739217,0.003482818603515625
0.002204682008596137,0.003482818603515625
0.0022880350006744266,0.003482818603515625
0.00237135001225397,0.003482818603515625
0.0024606549995951355,0.003482818603515625
0.002545968018239364,0.003482818603515625
0.0026294639974366874,0.003482818603515625
0.0027128810179419816,0.003482818603515625
0.0028300360136199743,0.003482818603515625
0.00297184701776132,0.003482818603515625
0.0031236289942171425,0.00299835205078125
0.003257978009060025,0.00299835205078125
0.003411448997212574,0.00299835205078125
0.0035689350042957813,0.00299835205078125
0.0037296650116331875,0.00299835205078125
0.0038534330087713897,0.00299835205078125
0.0039453330100513995,0.00299835205078125
0.004033244011225179,0.00299835205078125
0.004119688994251192,0.00299835205078125
0.004251930018654093,0.00299835205078125
0.00439528000424616,0.00299835205078125
0.004540677007753402,0.00299835205078125
0.004692468995926902,0.00299835205078125
0.004803482006536797,0.00299835205078125
0.004892910015769303,0.00299835205078125
0.004980813013389707,0.00299835205078125
0.005109842022648081,0.00299835205078125
0.005235327000264078,0.00299835205078125
0.005325856007402763,0.00299835205078125
0.005411359015852213,0.00299835205078125
0.005503966007381678,0.00299835205078125
0.00558996299514547,0.00299835205078125
0,0
