delta,ram
0,0.002666473388671875
0.00017990899868891574,0.002666473388671875
0.00030636399969807826,0.002666473388671875
0.00040085399814415723,0.002666473388671875
0.0004904179986624513,0.002666473388671875
0.000577594997594133,0.002666473388671875
0.0006747549996362068,0.002666473388671875
0.0007614509995619301,0.002666473388671875
0.0008461179968435317,0.002666473388671875
0.0009307569998782128,0.002666473388671875
0.0010482969992153812,0.002666473388671875
0.0011634579968813341,0.003147125244140625
0.0012554519998957403,0.003147125244140625
0.0013405069985310547,0.003147125244140625
0.001429533996997634,0.003147125244140625
0.001513723997049965,0.003147125244140625
0.001603625998541247,0.003147125244140625
0.0016882429990801029,0.003147125244140625
0.0017726810001477133,0.003147125244140625
0.0018562999975983985,0.003147125244140625
0.0019395749986870214,0.003147125244140625
0.002023596000071848,0.003139495849609375
0.0021078039972053375,0.003139495849609375
0.002191781997680664,0.003627777099609375
0.002277116000186652,0.003627777099609375
0.0023630049981875345,0.003627777099609375
0.00244770299832453,0.003627777099609375
0.0025364149987581186,0.003627777099609375
0.0026272399991285056,0.003627777099609375
0.0027129579975735396,0.003627777099609375
0.0027969549992121756,0.003627777099609375
0.0028811479969590437,0.003627777099609375
0.002965054998639971,0.003627777099609375
0.0030489309974655043,0.003627777099609375
0.00313244099743315,0.003627777099609375
0.003215717999410117,0.003627777099609375
0.003298812996945344,0.003627777099609375
0.0033917839973582886,0.003627777099609375
0.003481290998024633,0.003627777099609375
0.003626648998761084,0.003627777099609375
0.0037393279999378137,0.003627777099609375
0.003867898998578312,0.003627777099609375
0.003996277999249287,0.003627777099609375
0.0040861669986043125,0.003627777099609375
0.0041721870002220385,0.003627777099609375
0.0042576749983709306,0.003627777099609375
0.004341920997831039,0.003627777099609375
0.0044265910000831354,0.003627777099609375
0.0045109779966878705,0.003627777099609375
0,0
