delta,ram
0,0.0017766952514648438
0.00017877700156532228,0.0017766952514648438
0.00031926600058795884,0.0017766952514648438
0.00041439499909756705,0.0017766952514648438
0.000503120001667412,0.0022573471069335938
0.000589183000556659,0.0022573471069335938
0.0006745319988112897,0.0022573471069335938
0.0007583229998999741,0.0022573471069335938
0.0008416189994022716,0.0022573471069335938
0.000924574000237044,0.0022573471069335938
0.0010075969985336997,0.0022573471069335938
0.0010981199993693735,0.0022573471069335938
0.0011918890013475902,0.0022573471069335938
0.0012754269992001355,0.0022573471069335938
0.0013577950012404472,0.0022573471069335938
0.0014402169981622137,0.0022573471069335938
0.001522219001344638,0.0022573471069335938
0.0016044510011852253,0.0027379989624023438
0.0016867230006027967,0.0027379989624023438
0.0017688490006548818,0.0027379989624023438
0.0018506060005165637,0.0027379989624023438
0.0019327000009070616,0.0027379989624023438
0.0020147659997746814,0.0027379989624023438
0.0020969399993191473,0.0027379989624023438
0.0021785770004498772,0.0027379989624023438
0.00226655599908554,0.0027379989624023438
0.0023488139995606616,0.0027379989624023438
0.0024307979983859695,0.0027379989624023438
0.0025129210007435177,0.0027379989624023438
0.0025947200010705274,0.0027379989624023438
0.002706154999032151,0.0029783248901367188
0.002793957999529084,0.0029783248901367188
0.00287704799848143,0.0029783248901367188
0.0029596519998449367,0.0029783248901367188
0.0030420440016314387,0.0029783248901367188
0.003124213999399217,0.0029783248901367188
0.0032117060000018682,0.0029783248901367188
0.003294838999863714,0.0029783248901367188
0.0033772569986467715,0.0029783248901367188
0.003459563999058446,0.0029783248901367188
0.0035460899998724926,0.0029783248901367188
0.003629393999290187,0.0029783248901367188
0.003711975001351675,0.0029783248901367188
0.003794676998950308,0.0029783248901367188
0.0038778320013079792,0.0029783248901367188
0.003960361998906592,0.0029783248901367188
0.004042544998810627,0.0029783248901367188
0.0041739010011951905,0.0029783248901367188
0.004267616001015995,0.0029783248901367188
0.004350838000391377,0.0029783248901367188
0.004433472000528127,0.0029783248901367188
0.004516163000516826,0.0029783248901367188
0.0045987859994056635,0.0029783248901367188
0.004680911999457749,0.0029783248901367188
0.004772758999024518,0.0029783248901367188
0.004856980998738436,0.0029783248901367188
0.004939237998769386,0.0029783248901367188
0,0
