delta,ram
0,0.0022537231445312056
0.00020108901662752032,0.0027343749999999556
0.00033593401894904673,0.0027343749999999556
0.00042975801625289023,0.0027343749999999556
0.0005173730023670942,0.0027343749999999556
0.0006028750212863088,0.0027343749999999556
0.0007016030140221119,0.0027343749999999556
0.0007925450045149773,0.0027343749999999556
0.0008768250118009746,0.0027343749999999556
0.0009595080045983195,0.0027343749999999556
0.0010419099999126047,0.0027343749999999556
0.001123579015256837,0.0027343749999999556
0.001208694011438638,0.0027343749999999556
0.0012905159965157509,0.0027343749999999556
0.0013718210102524608,0.0027343749999999556
0.0014540459960699081,0.0032150268554687056
0.0015360719989985228,0.0032150268554687056
0.0016177070210687816,0.0032150268554687056
0.0017011910094879568,0.0032150268554687056
0.001788607012713328,0.0032150268554687056
0.001871296000899747,0.0032150268554687056
0.001953260012669489,0.0032150268554687056
0.0020357960020191967,0.0032150268554687056
0.002118367003276944,0.0032150268554687056
0.002232044003903866,0.0032150268554687056
0.0023191430082079023,0.0032150268554687056
0.0024020730052143335,0.0032150268554687056
0.002485307020833716,0.0032150268554687056
0.002567364019341767,0.0032150268554687056
0.0026492089964449406,0.0032150268554687056
0.0027310030127409846,0.0032150268554687056
0.002822231996105984,0.0032150268554687056
0.0029056770144961774,0.0032150268554687056
0.0029883130046073347,0.0032150268554687056
0.0030712930019944906,0.0032150268554687056
0.0031532960128970444,0.0032150268554687056
0.003236040996853262,0.0032150268554687056
0.0033243430079892278,0.0032150268554687056
0.0034081680059898645,0.0032150268554687056
0.003491375013254583,0.0032150268554687056
0.003602798009524122,0.0036956787109374556
0.0036902569991070777,0.0036956787109374556
0.003778786020120606,0.0036956787109374556
0.0038631260104011744,0.0036956787109374556
0.003945634001865983,0.0036956787109374556
0.004027515009511262,0.0036956787109374556
0.00410959601867944,0.0036956787109374556
0.004192416003206745,0.0036956787109374556
0.004275125014828518,0.0036956787109374556
0.004357166006229818,0.0036956787109374556
0.004439626995008439,0.0036956787109374556
0.004521799011854455,0.0036956787109374556
0.004604379995726049,0.0036956787109374556
0.0046861360024195164,0.0036956787109374556
0.004773494001710787,0.0036956787109374556
0.004856333020143211,0.0036956787109374556
0,0
