delta,ram
0,0.0013835906982420099
0.00019944300220231526,0.0013835906982420099
0.00034281600164831616,0.0018642425537107599
0.0004967720014974475,0.0018642425537107599
0.0006044440015102737,0.0018642425537107599
0.0006963330015423708,0.0018642425537107599
0.0007840590005798731,0.0018566131591795099
0.0008698920028109569,0.0018566131591795099
0.0009578860008332413,0.0018566131591795099
0.001044108001224231,0.0018566131591795099
0.0011306100022920873,0.0018566131591795099
0.001227169002959272,0.0018566131591795099
0.0013218150015745778,0.0018566131591795099
0.001407297000696417,0.0018566131591795099
0.0014913880004314706,0.0018566131591795099
0.0015861760002735537,0.0018566131591795099
0.0016731940013414714,0.0018566131591795099
0.0017569600022397935,0.0018566131591795099
0.0018399780019535683,0.00234489440917951
0.001923420000821352,0.00234489440917951
0.0020062600015080534,0.00234489440917951
0.0020892710017506033,0.00234489440917951
0.002172566000808729,0.00234489440917951
0.0022555120012839325,0.00234489440917951
0.002338771002541762,0.00234489440917951
0.0024225630004366394,0.00234489440917951
0.0025056350023078267,0.00234489440917951
0.002594205001514638,0.00234489440917951
0.002678235003259033,0.002585220336913885
0.002761472002021037,0.002585220336913885
0.002843996000592597,0.002585220336913885
0.0029267010031617247,0.002585220336913885
0.003009394000400789,0.002585220336913885
0.003092109000135679,0.002585220336913885
0.0031751160022395197,0.002585220336913885
0.0032603580002614763,0.002585220336913885
0.0033443080028519034,0.002585220336913885
0.0034330260023125447,0.002585220336913885
0.003525984000589233,0.002585220336913885
0.003614672001276631,0.002585220336913885
0.003698827000334859,0.002585220336913885
0.0038103380029497202,0.002585220336913885
0.003977456002758117,0.002585220336913885
0.004133496000576997,0.002585220336913885
0.004291703000490088,0.002585220336913885
0.0044804230019508395,0.003065872192382635
0.004844846000196412,0.003058242797851385
0.005051197000284446,0.003058242797851385
0.005167546001757728,0.003058242797851385
0.005264212002657587,0.003058242797851385
0.005354737000743626,0.003058242797851385
0.005628674000035971,0.003058242797851385
0.005838600001879968,0.003058242797851385
0.00599183099984657,0.003058242797851385
0.006091138002375374,0.003058242797851385
0.006181251002999488,0.003577041625976385
0,0
