delta,ram
0,0.002474212646484397
0.0001726810005493462,0.002474212646484397
0.000300883999443613,0.002474212646484397
0.00039800199738238007,0.002474212646484397
0.0004986729982192628,0.002474212646484397
0.0005885249993298203,0.002954864501953147
0.0006781159972888418,0.002954864501953147
0.0007663860014872625,0.002954864501953147
0.0008557550027035177,0.002954864501953147
0.0009660709984018467,0.003195190429687522
0.001079642002878245,0.003675842285156272
0.0011710920007317327,0.003675842285156272
0.0012582580020534806,0.003675842285156272
0.0013448690006043762,0.003675842285156272
0.0014367819967446849,0.003675842285156272
0.001524163999420125,0.003675842285156272
0.0016116030019475147,0.003668212890625022
0.0016970750002656132,0.003668212890625022
0.0017817010011640377,0.003668212890625022
0.0018656210013432428,0.004156494140625022
0.001950079997186549,0.004156494140625022
0.0020351659986772574,0.004148864746093772
0.002119111995853018,0.004148864746093772
0.002203064999775961,0.004148864746093772
0.002286959999764804,0.004148864746093772
0.002372324001044035,0.004148864746093772
0.0026763420028146356,0.004148864746093772
0.0028625060003832914,0.004148864746093772
0.0030222709974623285,0.004141235351562522
0.003327245001855772,0.004141235351562522
0.0036361820020829327,0.004141235351562522
0.0038236010004766285,0.004141235351562522
0.004262508002284449,0.004141235351562522
0.004543276998447254,0.004141235351562522
0.00472695600183215,0.004141235351562522
0.004900938001810573,0.004141235351562522
0.005066555997473188,0.004141235351562522
0,0
