delta,ram
0,0.002765655517578125
0.0001910620012495201,0.002765655517578125
0.00033423900094931014,0.003246307373046875
0.000436930000432767,0.003246307373046875
0.0005289830005494878,0.003246307373046875
0.0006208390004758257,0.003246307373046875
0.0007098819987731986,0.003246307373046875
0.0007958729984238744,0.003246307373046875
0.0008803989985608496,0.003246307373046875
0.0009661059993959498,0.003246307373046875
0.0010609810015012044,0.003246307373046875
0.0011562459985725582,0.003246307373046875
0.0012568659985845443,0.003246307373046875
0.0013456609995046165,0.003246307373046875
0.0014299940012278967,0.003246307373046875
0.001514174000476487,0.003246307373046875
0.0015968650004651863,0.003246307373046875
0.001679774999502115,0.003246307373046875
0.0017636490010772832,0.003246307373046875
0.0018478029996913392,0.003246307373046875
0.001935511998453876,0.003246307373046875
0.002021723001234932,0.003734588623046875
0.0021060500002931803,0.003734588623046875
0.0021896379985264502,0.00348663330078125
0.002278725998621667,0.00348663330078125
0.002363937001064187,0.00348663330078125
0.0024478509985783603,0.00348663330078125
0.0025312690013379324,0.00348663330078125
0.0026142290007555857,0.00348663330078125
0.0028712230014207307,0.00348663330078125
0.003004476999194594,0.00348663330078125
0.003147878000163473,0.00348663330078125
0.003316569000162417,0.00348663330078125
0.003486137000436429,0.00348663330078125
0.0036200709982949775,0.00348663330078125
0.0037780329985253047,0.00348663330078125
0.003939389000152005,0.00348663330078125
0.004089871999894967,0.00347900390625
0.004379515998152783,0.00347900390625
0.0045786529990436975,0.00347900390625
0.004732638000859879,0.00347900390625
0.004896467999060405,0.00347900390625
0.004994540999177843,0.00347900390625
0.005081593000795692,0.00347900390625
0,0
