delta,ram
0,0.0012912750244140625
0.00016358300126739778,0.0012912750244140625
0.00031653499900130555,0.0012912750244140625
0.00041359500028192997,0.0012912750244140625
0.0005020999997213949,0.0012912750244140625
0.0005939559996477328,0.0012912750244140625
0.000680346001900034,0.0012912750244140625
0.0007640360017830972,0.0017719268798828125
0.0008544759984943084,0.0017719268798828125
0.0009387610007252079,0.0017719268798828125
0.0010218989991699345,0.0017719268798828125
0.0011146760007250123,0.0017719268798828125
0.0012020239992125425,0.0017719268798828125
0.001285088001168333,0.0017719268798828125
0.001379879999149125,0.0017719268798828125
0.0014650820012320764,0.0017719268798828125
0.001547765001305379,0.0017719268798828125
0.0016299849994538818,0.0017719268798828125
0.001712637000309769,0.0017719268798828125
0.0017947170017578173,0.0017719268798828125
0.0018829420005204156,0.0022602081298828125
0.0019659649988170713,0.0022602081298828125
0.0020486319990595803,0.0022602081298828125
0.0021310990014171693,0.0022602081298828125
0.002213554998888867,0.0022602081298828125
0.002296449001732981,0.0022602081298828125
0.0023791009989508893,0.0022602081298828125
0.0024666760000400245,0.0022602081298828125
0.002549929999076994,0.0022602081298828125
0.002632719999382971,0.0022602081298828125
0.0027203829995414708,0.0022602081298828125
0.002803834999212995,0.0022602081298828125
0.00289180600157124,0.0022602081298828125
0.002975880001031328,0.0022602081298828125
0.003059046000998933,0.0022602081298828125
0.0031497370000579394,0.0022602081298828125
0.0032942549987637904,0.0022602081298828125
0.0034440630006429274,0.0022602081298828125
0.0035938740002166014,0.0022602081298828125
0.003743094999663299,0.0022602081298828125
0.003896338999766158,0.0022602081298828125
0.004053558001032798,0.0022602081298828125
0.004203426000458421,0.0022602081298828125
0.0043740830005845055,0.0022602081298828125
0.004525295000348706,0.0022602081298828125
0,0
