delta,ram
0,0.001294326782226518
0.000165178000315791,0.001294326782226518
0.0002851309982361272,0.001294326782226518
0.0003757419981411658,0.001294326782226518
0.00046077899969532155,0.001294326782226518
0.0005440999993879814,0.001294326782226518
0.0006343470013234764,0.001294326782226518
0.0007171920005930588,0.001294326782226518
0.0007979889996931888,0.001294326782226518
0.0008789040002739057,0.001294326782226518
0.0009709969999676105,0.001294326782226518
0.0010535110013734084,0.001294326782226518
0.0011342389989295043,0.001782608032226518
0.0012153690004197415,0.001782608032226518
0.0013169570011086762,0.001782608032226518
0.0014004180011397693,0.001782608032226518
0.0014831439984845929,0.001782608032226518
0.0015663609992770944,0.001782608032226518
0.0016650360012135934,0.001782608032226518
0.0017495179999968968,0.001782608032226518
0.0018328149999433663,0.001782608032226518
0.0019160459996783175,0.001782608032226518
0.0019990440014225896,0.001782608032226518
0.002082014998450177,0.001782608032226518
0.0021746729980804957,0.001782608032226518
0.002259565000713337,0.001782608032226518
0.0023422660015057772,0.001782608032226518
0.00242505400092341,0.001782608032226518
0.0025078990001929924,0.001782608032226518
0.0025907230010489,0.001782608032226518
0.0026779159998113755,0.001782608032226518
0.0027624489994195756,0.001782608032226518
0.0028452250007831026,0.001782608032226518
0.0029276220011524856,0.001782608032226518
0.003009888001543004,0.001782608032226518
0.003095340998697793,0.001782608032226518
0.003229718000511639,0.002064895629882768
0.00338406499940902,0.002572250366210893
0.0035185619999538176,0.002572250366210893
0.003666068998427363,0.002572250366210893
0.003819012999883853,0.002572250366210893
0.003974396000558045,0.002572250366210893
0.004121827998460503,0.002572250366210893
0.004363477000879357,0.002572250366210893
0,0
