delta,ram
0,0.0015434265136718972
0.0001825519975682255,0.0015434265136718972
0.0003247739987273235,0.0015434265136718972
0.0004310849981266074,0.0015434265136718972
0,0
-1,-1
