delta,ram
0,0.002264595031738259
0.00017739000031724572,0.002264595031738259
0.0003049480001209304,0.002264595031738259
0.0004003140020358842,0.002264595031738259
0.0005014880007365718,0.002264595031738259
0.0005886360013391823,0.002264595031738259
0.0006932700016477611,0.002264595031738259
0.0007773360011924524,0.002264595031738259
0.0008612070014351048,0.002264595031738259
0,0
-1,-1
