delta,ram
0,0.002260780334472634
0.00019082100152445491,0.002741432189941384
0.0003524330004438525,0.002741432189941384
0.00045590000081574544,0.002741432189941384
0.000566475000596256,0.002741432189941384
0.0006539990008604946,0.002741432189941384
0.0007488950013794238,0.002741432189941384
0.0008542530013073701,0.002741432189941384
0,0
-1,-1
