delta,ram
0,0.0018606185913085938
0.00025732998619787395,0.0018606185913085938
0.0003957129956688732,0.0018606185913085938
0.0004926429828628898,0.0018606185913085938
0.0005819039943162352,0.0018606185913085938
0.000668948981910944,0.0018606185913085938
0.0007540140068158507,0.0018606185913085938
0.0008485669968649745,0.0018529891967773438
0.0009334849892184138,0.0018529891967773438
0.0010176500072702765,0.0023336410522460938
0.0011418729845900089,0.0023183822631835938
0.0012452119844965637,0.0023183822631835938
0.00133218799601309,0.0023183822631835938
0.001417338993633166,0.0023183822631835938
0.001501677994383499,0.0023183822631835938
0.001585266989422962,0.0023183822631835938
0.0016690630000084639,0.0028066635131835938
0.0017525099974591285,0.0028066635131835938
0.0018481709994375706,0.0028066635131835938
0.0019587029819376767,0.0028066635131835938
0.002096318989060819,0.0028066635131835938
0.002252120990306139,0.0028066635131835938
0.002412486996036023,0.0028066635131835938
0.002545722993090749,0.0028066635131835938
0.0026910729939118028,0.0028066635131835938
0.0028530900017358363,0.0028066635131835938
0.003006151004228741,0.0028066635131835938
0.0031576140027027577,0.0028066635131835938
0.003310228988993913,0.0028066635131835938
0.0034664069826249033,0.0028066635131835938
0.0036194399872329086,0.0028066635131835938
0.0037785469903610647,0.0028066635131835938
0.003932961990358308,0.0028066635131835938
0.004083379986695945,0.0028066635131835938
0.004234600986819714,0.0028066635131835938
0.0043852780072484165,0.0028066635131835938
0.004536660009762272,0.0028066635131835938
0.004684718995122239,0.0028066635131835938
0.0048419930099043995,0.0028066635131835938
0.004995503986719996,0.0028066635131835938
0.005162779008969665,0.0032415390014648438
0.0053406280057970434,0.0032110214233398438
0.0054936049855314195,0.0032110214233398438
0.005632037005852908,0.0032110214233398438
0.005760138999903575,0.0032110214233398438
0.005913358007092029,0.0032110214233398438
0.006052923999959603,0.0032110214233398438
0.006195513007696718,0.0032110214233398438
0.006328449002467096,0.0032110214233398438
0.0064475759863853455,0.0032110214233398438
0.006583226990187541,0.0032110214233398438
0.0067138790036551654,0.0032110214233398438
0.006859009008621797,0.0032110214233398438
0,0
