delta,ram
0,0.001300811767578125
0.00018489200010662898,0.001300811767578125
0.0003147190000163391,0.001300811767578125
0.00041093999971053563,0.001300811767578125
0.0004987849970348179,0.001300811767578125
0.0005838689976371825,0.001300811767578125
0.0006753089983249083,0.001300811767578125
0.0007802019972587004,0.001300811767578125
0.0008680680002726149,0.001300811767578125
0.0009514719968137797,0.001781463623046875
0.0010382479995314498,0.001781463623046875
0.0011361229990143329,0.001781463623046875
0.001225347998115467,0.001781463623046875
0.0013096149996272288,0.001781463623046875
0.0013943319972895551,0.001773834228515625
0.0014811829969403334,0.001773834228515625
0.0015652740003133658,0.001773834228515625
0.00164831999791204,0.001773834228515625
0.0017311429983237758,0.001773834228515625
0.0018226039974251762,0.002262115478515625
0.0019052850002481136,0.002262115478515625
0.001987330997508252,0.002262115478515625
0.002069796999421669,0.002262115478515625
0.0021519619986065663,0.002262115478515625
0.002271811998070916,0.002262115478515625
0.0024146739997377153,0.002262115478515625
0.0025844299998425413,0.002262115478515625
0.0027351609969628043,0.002262115478515625
0.0028876309988845605,0.002262115478515625
0.003044700999453198,0.002262115478515625
0.00320128099701833,0.002262115478515625
0.003474158998869825,0.002262115478515625
0.003796026998315938,0.002262115478515625
0.004005312999652233,0.002262115478515625
0.0041158679996442515,0.002262115478515625
0.004263502996764146,0.002262115478515625
0.004418976997840218,0.002262115478515625
0.004566917999909492,0.002262115478515625
0.004688991997682024,0.002262115478515625
0,0
