delta,ram
0,0.0025020599365234153
0.00023963101557455957,0.0027423858642577903
0.00038387099630199373,0.0027423858642577903
0.0004944770189467818,0.0027423858642577903
0.0005876909999642521,0.0027423858642577903
0.0006798919930588454,0.0027423858642577903
0.0007685770106036216,0.0027423858642577903
0.0008564820163883269,0.0027423858642577903
0.0009431260114070028,0.0027423858642577903
0.0010301420115865767,0.0027423858642577903
0.0011165630130562931,0.0032230377197265403
0.0012183639919385314,0.0032230377197265403
0.001306634017964825,0.0032230377197265403
0.0014076590014155954,0.0032230377197265403
0.0014962730056140572,0.0032230377197265403
0.0015800730034243315,0.0032230377197265403
0.001664822018938139,0.0032230377197265403
0.001749151007970795,0.0032230377197265403
0.0018415730155538768,0.0032230377197265403
0.0019279660191386938,0.0032230377197265403
0.0020124390139244497,0.0037113189697265403
0.002097869000863284,0.0037113189697265403
0.00218239999958314,0.003944015502929665
0.002265810006065294,0.003944015502929665
0.002349896007217467,0.003944015502929665
0.0024425580049864948,0.003944015502929665
0.0025281250127591193,0.003944015502929665
0.0026153539947699755,0.003944015502929665
0.002700012002605945,0.003944015502929665
0.0027838220121338964,0.003944015502929665
0.0028670910105574876,0.003944015502929665
0.002956020995043218,0.003944015502929665
0.003251560003263876,0.003944015502929665
0.0034664510167203844,0.003944015502929665
0.0036358149955049157,0.003944015502929665
0.003780314000323415,0.003928756713867165
0.003944677009712905,0.003928756713867165
0.004079727019416168,0.003928756713867165
0.004271826008334756,0.003913497924804665
0.004427406995091587,0.003913497924804665
0.004584926995448768,0.003913497924804665
0.004701458994532004,0.003913497924804665
0.004854933999013156,0.003913497924804665
0.004952051007421687,0.003913497924804665
0.005098530993564054,0.003913497924804665
0.005218934005824849,0.003913497924804665
0.005312081018928438,0.003913497924804665
0,0
