delta,ram
0,0.0013065338134765625
0.0001987530013138894,0.0017871856689453125
0.00033233700014534406,0.0017871856689453125
0.00042623800254659727,0.0017871856689453125
0.0005140390021551866,0.0017871856689453125
0.0005999830027576536,0.0017871856689453125
0.0006845560019428376,0.0017871856689453125
0.0007683450021431781,0.0017871856689453125
0.0008513110005878843,0.0017871856689453125
0.0009390400009579025,0.0017871856689453125
0.001028364000376314,0.0017871856689453125
0.001121930999943288,0.0017871856689453125
0.0012152210001659114,0.0017871856689453125
0.0012993680029467214,0.0017871856689453125
0.0013822649998473935,0.0017871856689453125
0.0014645060000475496,0.0017871856689453125
0.0015469480022147764,0.0017871856689453125
0.0016298660011671018,0.0017871856689453125
0.001712863002467202,0.0017871856689453125
0.0017949570028577,0.0017871856689453125
0.0018771720024233218,0.0017871856689453125
0.001959944002010161,0.0017871856689453125
0.0020481570027186535,0.0017871856689453125
0.0021312540011422243,0.0017871856689453125
0.002240346002508886,0.0017871856689453125
0.0023277710024558473,0.0022678375244140625
0.0024116929998854175,0.0022678375244140625
0.0024948940008471254,0.0022678375244140625
0.0025777129994821735,0.0022678375244140625
0.002661192000232404,0.0022678375244140625
0.0027434680014266632,0.0022678375244140625
0.002826222000294365,0.0022678375244140625
0.0029091280011925846,0.0022678375244140625
0.0029918350010120776,0.0022678375244140625
0.003080345002672402,0.0022678375244140625
0.00316474300052505,0.0022678375244140625
0.0032699180010240525,0.0022678375244140625
0.003361565999512095,0.0022678375244140625
0.0034474790008971468,0.0022678375244140625
0.0035309129998495337,0.0022678375244140625
0.0036222020025888924,0.0022678375244140625
0.0037125330018170644,0.0027484893798828125
0.003798759000346763,0.0027484893798828125
0.0038815629995951895,0.0027484893798828125
0.003973656999733066,0.0027484893798828125
0.004062858999532182,0.0027484893798828125
0,0
