delta,ram
0,0.002445220947265625
0.00018526299390941858,0.002925872802734375
0.0003297039947938174,0.002925872802734375
0.0004408149980008602,0.002925872802734375
0.0005357369955163449,0.002925872802734375
0.0006262889946810901,0.002925872802734375
0.0007491619908250868,0.002925872802734375
0.0008615090046077967,0.002925872802734375
0.0009570730035193264,0.003406524658203125
0.0010437660093884915,0.003406524658203125
0.0011305460066068918,0.003406524658203125
0.0012323289993219078,0.003406524658203125
0.0013231629854999483,0.003406524658203125
0.0014181470032781363,0.003406524658203125
0.0015077790012583137,0.003406524658203125
0.001595916983205825,0.003406524658203125
0.0016848960076458752,0.003406524658203125
0.001772383984643966,0.003406524658203125
0.001983308990020305,0.003406524658203125
0.0021962199825793505,0.003406524658203125
0.0023011489829514176,0.003406524658203125
0.0023967129818629473,0.003406524658203125
0.0024872540088836104,0.003887176513671875
0.0025770259962882847,0.003887176513671875
0.002667786000529304,0.003887176513671875
0.002759163995506242,0.003887176513671875
0.0028481970075517893,0.003887176513671875
0.0029428800044115633,0.003887176513671875
0.0030338990036398172,0.003887176513671875
0.0031345599854830652,0.003887176513671875
0.003228768997360021,0.003887176513671875
0.003318522998597473,0.003887176513671875
0.003407103009521961,0.003887176513671875
0.0034962199861183763,0.003887176513671875
0.0035888169950339943,0.003887176513671875
0.003677366010379046,0.003887176513671875
0.00376702900393866,0.003887176513671875
0.003855755989206955,0.003887176513671875
0.00395004398887977,0.003887176513671875
0.00404058099957183,0.004367828369140625
0.004130291985347867,0.004367828369140625
0.004221160983433947,0.004367828369140625
0.004326449008658528,0.004367828369140625
0.004417861986439675,0.004367828369140625
0.004505735007114708,0.004367828369140625
0.00459133498952724,0.004367828369140625
0,0
