delta,ram
0,0.00226593017578125
0.0001849220134317875,0.00226593017578125
0.0003224840038456023,0.00226593017578125
0.0004173929919488728,0.00226593017578125
0.000506006006617099,0.00226593017578125
0.0005919079994782805,0.00226593017578125
0.0006775530055165291,0.00274658203125
0.0007699959969613701,0.00274658203125
0.0008546000171918422,0.00274658203125
0.0009379269904457033,0.00274658203125
0.001021082018269226,0.00274658203125
0.0011133860098198056,0.00274658203125
0.0012009039928670973,0.00274658203125
0.0012844930170103908,0.00274658203125
0.001367493998259306,0.00274658203125
0.0014499800163321197,0.00274658203125
0.0015326430147979409,0.00274658203125
0.001615752000361681,0.00274658203125
0.0016990629956126213,0.00274658203125
0.0017871599993668497,0.00274658203125
0.0018712849996518344,0.00322723388671875
0.0019544509996194392,0.00322723388671875
0.0020377649925649166,0.00322723388671875
0.002120068995282054,0.00322723388671875
0.002237467997474596,0.00322723388671875
0.002324361994396895,0.00322723388671875
0.0024081400188151747,0.00322723388671875
0.002490735991159454,0.00322723388671875
0.0025728020118549466,0.00322723388671875
0.00265568500617519,0.00322723388671875
0.0027378349914215505,0.00322723388671875
0.002826604002621025,0.00322723388671875
0.0029101690161041915,0.00322723388671875
0.0029933920013718307,0.00322723388671875
0.0030761990055907518,0.0037078857421875
0.003158753999741748,0.0037078857421875
0.003241906000766903,0.0037078857421875
0.0033245189988519996,0.0037078857421875
0.0034072690177708864,0.0037078857421875
0.0034895559947472066,0.0037078857421875
0,0
