delta,ram
0,0.0015172958374023438
0.00017815800310927443,0.0015172958374023438
0.0003041730014956556,0.0015172958374023438
0.0004007860006822739,0.0015172958374023438
0.0004895580023003276,0.0015172958374023438
0.0005773260018031579,0.0015172958374023438
0.0006777760027034674,0.0015096664428710938
0.0007642000018677209,0.0019979476928710938
0.0008496139998896979,0.0019979476928710938
0.0009642010008974466,0.0019979476928710938
0.0010567210010776762,0.0019979476928710938
0.0011501980006869417,0.0019979476928710938
0.0012442430015653372,0.0019979476928710938
0.0013300550017447677,0.0019979476928710938
0.0014139440027065575,0.0019979476928710938
0.0014966790004109498,0.0019979476928710938
0.001580248001118889,0.0019979476928710938
0.0016697700011718553,0.0019979476928710938
0.0017537640014779754,0.0024862289428710938
0.001837976000388153,0.0024862289428710938
0.0019206810029572807,0.0024862289428710938
0.00200353400214226,0.0024862289428710938
0.002086833002977073,0.0024862289428710938
0.002170530002331361,0.0024862289428710938
0.00230539500262239,0.0024862289428710938
0.002465541001583915,0.0024862289428710938
0.0026188070005446207,0.0024862289428710938
0.002785080003377516,0.0024862289428710938
0.0029442490013025235,0.0024862289428710938
0.003098660999967251,0.0024862289428710938
0.003249461002269527,0.0024862289428710938
0.0033754340001905803,0.0024862289428710938
0.0034657579999475274,0.0024862289428710938
0.003551148001861293,0.0024862289428710938
0.0036638810015574563,0.0024862289428710938
0.0038036980004108045,0.0024862289428710938
0.003935886001272593,0.0024862289428710938
0.004084280000824947,0.0024862289428710938
0.0041761510001379065,0.0024862289428710938
0.004260644000169123,0.0024862289428710938
0.0043503660017449874,0.0024862289428710938
0,0
