delta,ram
0,0.0027523040771484375
0.00018090599951392505,0.0027523040771484375
0.0003075120002904441,0.0027523040771484375
0.0003969529998357757,0.0027523040771484375
0.0004853170003116247,0.0027523040771484375
0.0005791739995402168,0.0027523040771484375
0.000667749000058393,0.0027217864990234375
0.0007483500003218069,0.0027141571044921875
0.0008281279997390811,0.0027141571044921875
0.0009073909996004659,0.0031948089599609375
0.000986889000159863,0.0031948089599609375
0.0010786709999592858,0.0031948089599609375
0.0011607690003074822,0.0031948089599609375
0.0012403029995766701,0.0031948089599609375
0.0013195640003687004,0.0031948089599609375
0.0013988700002300902,0.0031948089599609375
0.0014775030003875145,0.0031948089599609375
0.0015562039998258115,0.0036830902099609375
0.0016463020001538098,0.0036830902099609375
0.0017276720000154455,0.0036830902099609375
0.0018065430003844085,0.0036830902099609375
0.0018852639996111975,0.0036830902099609375
0.001964764999684121,0.0036830902099609375
0.002043593999587756,0.0036830902099609375
0.002122253999914392,0.0036830902099609375
0.0022008590003679274,0.0036830902099609375
0.002279899999848567,0.0036830902099609375
0.0023595559996465454,0.0036830902099609375
0.002450439999847731,0.0036830902099609375
0.002581310000095982,0.0036830902099609375
0.002736305000325956,0.0036830902099609375
0.0029032929996901657,0.0036830902099609375
0.0030612299997301307,0.0036830902099609375
0.003213863999917521,0.0036830902099609375
0.0033719220000421046,0.0036830902099609375
0.003525576000356523,0.0036830902099609375
0.0038060449996919488,0.0036830902099609375
0.004064228000061121,0.0040569305419921875
0.004250068000146712,0.0040569305419921875
0.004374797999844304,0.0040569305419921875
0.004470826999749988,0.0040569305419921875
0.004558911999993143,0.0040569305419921875
0,0
