delta,ram
0,0.0024969100952147993
0.00019562600209610537,0.0024969100952147993
0.00034323300496907905,0.0024969100952147993
0.0004536890046438202,0.0024969100952147993
0.0005549810011871159,0.0024969100952147993
0.0006547529992531054,0.0024969100952147993
0.0007545690023107454,0.0024969100952147993
0.000854401005199179,0.0029775619506835493
0.0011297780001768842,0.0029775619506835493
0.001280809003219474,0.0029775619506835493
0.0013902020000386983,0.0029775619506835493
0.0015241910004988313,0.0029775619506835493
0.0016299620037898421,0.0029775619506835493
0.0017299880055361427,0.0029775619506835493
0.001830836001317948,0.0029775619506835493
0.0019404120030230843,0.0029775619506835493
0.0020342320058261976,0.0029775619506835493
0.002128710999386385,0.0029775619506835493
0.0022264910003286786,0.0034658432006835493
0.002321373001905158,0.0034658432006835493
0.0024160380053217523,0.0034658432006835493
0.002517172004445456,0.0034658432006835493
0.002611013005662244,0.0034658432006835493
0.002707514002395328,0.0034658432006835493
0.0028030989997205324,0.0034658432006835493
0.0028976590037927963,0.0034658432006835493
0.0029915650011389516,0.0034658432006835493
0.003111158999672625,0.0034658432006835493
0.0032864290042198263,0.0034658432006835493
0.0034566710019134916,0.0034658432006835493
0.003635105000284966,0.0034658432006835493
0.003858137999486644,0.003919792175292924
0.004030292999232188,0.003919792175292924
0.004197324000415392,0.003919792175292924
0.004360413004178554,0.003919792175292924
0.004535553001915105,0.003919792175292924
0.004699793003965169,0.003919792175292924
0.004862267000135034,0.003919792175292924
0.005023417004849762,0.003919792175292924
0.005183599001611583,0.003919792175292924
0.005344428005628288,0.003919792175292924
0.01575994599988917,0.003912162780761674
0.016159730002982542,0.003912162780761674
0.016443614003947005,0.003912162780761674
0.016767462002462707,0.003912162780761674
0.01742646400089143,0.003912162780761674
0,0
