delta,ram
0,0.0030059814453125
0.00017136700625997037,0.00348663330078125
0.0003213640011381358,0.00348663330078125
0.0004249420017004013,0.00348663330078125
0.0005101630085846409,0.00348663330078125
0.0005938539979979396,0.00348663330078125
0.0006765010039089248,0.00348663330078125
0.000758926005801186,0.00348663330078125
0.0008622690074844286,0.00348663330078125
0.0009511670068604872,0.00347900390625
0.0010517990012886003,0.00347900390625
0.0011388990096747875,0.00347900390625
0.0012237790069775656,0.00347900390625
0.001308029008214362,0.00347900390625
0.0013920909987064078,0.00347900390625
0.0014757379976799712,0.004192352294921875
0.0015600199985783547,0.004184722900390625
0.0016441229963675141,0.004177093505859375
0.0017282510088989511,0.004169464111328125
0.001811886002542451,0.004169464111328125
0.0018955790001200512,0.004161834716796875
0.0019852050027111545,0.004161834716796875
0.0020695610000984743,0.004161834716796875
0.002155023001250811,0.004161834716796875
0.0022393810068024322,0.004161834716796875
0.002323103995877318,0.004161834716796875
0.0024074230022961274,0.004161834716796875
0.002518249995773658,0.00440216064453125
0.0026682089956011623,0.00440216064453125
0.002827089003403671,0.00440216064453125
0.002996866009198129,0.00440216064453125
0.003150318007101305,0.00440216064453125
0.0033016469969879836,0.00440216064453125
0.0034540720080258325,0.00440216064453125
0.003604520999942906,0.00440216064453125
0.0037623550015268847,0.00440216064453125
0.0039144120091805235,0.00440216064453125
0.00407279199862387,0.00440216064453125
0.004223563009873033,0.00440216064453125
0.004373015995952301,0.00440216064453125
0.004522782008280046,0.00440216064453125
0.004674159004935063,0.00440216064453125
0.004842271999223158,0.00440216064453125
0.0050016690074699,0.00440216064453125
0.005153705002157949,0.00440216064453125
0.005303686004481278,0.00440216064453125
0.00545401600538753,0.00440216064453125
0.005606552003882825,0.00440216064453125
0.005756048005423509,0.00440216064453125
0.005904734003706835,0.00440216064453125
0.00605615800304804,0.00440216064453125
0.006208780003362335,0.00440216064453125
0.0063489230087725446,0.00440216064453125
0.006525263001094572,0.0043792724609375
0.006686884997179732,0.00447845458984375
0.006821136004873551,0.00447845458984375
0.006913060002261773,0.00447845458984375
0.007066152000334114,0.00447845458984375
0,0
