delta,ram
0,0.0024965286254883257
0.00020317299640737474,0.0024965286254883257
0.00034246499853907153,0.0024965286254883257
0.0004421880003064871,0.0024965286254883257
0.0005322649958543479,0.0024965286254883257
0.0006212589942151681,0.0024965286254883257
0.000708763996954076,0.0024965286254883257
0.0008036729996092618,0.0024965286254883257
0.0008999689962365665,0.0024965286254883257
0.0009872999944491312,0.0024965286254883257
0.0010921169960056432,0.0024965286254883257
0.0011816679980256595,0.0029771804809570757
0.0012687579946941696,0.0029771804809570757
0.00135479500022484,0.0029771804809570757
0.0014406769987544976,0.0029771804809570757
0.0015548139999737032,0.0032175064086914507
0.0016432899938081391,0.0032175064086914507
0.0017301879997830838,0.0032175064086914507
0.0018559239979367703,0.0032175064086914507
0.0020005909973406233,0.0032175064086914507
0.0021495229957508855,0.0032175064086914507
0.0022422909969463944,0.0032175064086914507
0.0023323939967667684,0.0032175064086914507
0.00241854100022465,0.0032175064086914507
0.0025044349968084134,0.0032175064086914507
0.0026115709988516755,0.0032175064086914507
0.0027096409976365976,0.0032175064086914507
0.0028661239994107746,0.0032175064086914507
0.003028008999535814,0.0032175064086914507
0.0031974800003808923,0.0032175064086914507
0.0033690929994918406,0.0032175064086914507
0.003534171999490354,0.0032175064086914507
0.0036944559979019687,0.0032175064086914507
0.0038509890000568703,0.0032175064086914507
0.004029144998639822,0.0032175064086914507
0.0042110539943678305,0.0032175064086914507
0.004368796995549928,0.0032175064086914507
0.00452599299751455,0.0032175064086914507
0.004687146996730007,0.0032175064086914507
0.004857404994254466,0.0032175064086914507
0.005015287999412976,0.0032175064086914507
0.005330436993972398,0.0032175064086914507
0.005563119993894361,0.0033815383911133257
0.005890508997254074,0.0035684585571289507
0.0061190329943201505,0.0035684585571289507
0.0062870999972801656,0.0035684585571289507
0.006461200995545369,0.0035684585571289507
0.006607392999285366,0.0035684585571289507
0.006765136000467464,0.0035684585571289507
0.006923139997525141,0.0035684585571289507
0.0070851209966349415,0.0035684585571289507
0.007242018997203559,0.0035684585571289507
0.007378728994808625,0.0035684585571289507
0,0
