delta,ram
0,0.002124786376953125
0.0002075040029012598,0.002605438232421875
0.0003415580031287391,0.002605438232421875
0.0004419530014274642,0.002605438232421875
0.0005364730022847652,0.002605438232421875
0.0006283680013439152,0.002605438232421875
0.0007294470015040133,0.002605438232421875
0.0008220529998652637,0.002605438232421875
0.0009121270013565663,0.002605438232421875
0.00100750199999311,0.002605438232421875
0.0010981670020555612,0.002605438232421875
0.001198870002554031,0.002605438232421875
0.0012936340026499238,0.003086090087890625
0.001384303999657277,0.003086090087890625
0.0014737530000275,0.003086090087890625
0.0015627419998054393,0.003086090087890625
0.0016518280026502907,0.003086090087890625
0.0017478219997428823,0.003086090087890625
0.001840065000578761,0.003086090087890625
0.0019299840023450088,0.003086090087890625
0.0020194440003251657,0.003086090087890625
0.002109116001520306,0.003086090087890625
0.002260986002511345,0.003086090087890625
0.0024578740012657363,0.003086090087890625
0.0026405090029584244,0.003086090087890625
0.0028310480010986794,0.003086090087890625
0.002933319003204815,0.003086090087890625
0.0030255330020736437,0.003086090087890625
0.0031338330009020865,0.003086090087890625
0.0032988260027195793,0.003086090087890625
0.003450748001341708,0.003326416015625
0.0036199100031808484,0.003326416015625
0.003785991000768263,0.003326416015625
0.0039402370020980015,0.003326416015625
0.004054419001477072,0.003326416015625
0.004202457999781473,0.003326416015625
0,0
