delta,ram
0,0.0012683868408203125
0.00017805900279199705,0.0017490386962890625
0.00030674500158056617,0.0017490386962890625
0.0004032440010632854,0.0017490386962890625
0.0004937770027027,0.0017490386962890625
0.0005906890000915155,0.0017490386962890625
0.0006784750003134832,0.0017490386962890625
0.0007646270023542456,0.0017414093017578125
0.0008495620022586081,0.0017337799072265625
0.0009341600016341545,0.0017337799072265625
0.0010181950019614305,0.0017337799072265625
0.001110187000449514,0.0022144317626953125
0.001204105999931926,0.0022144317626953125
0.001301675001741387,0.0022144317626953125
0.0013846980000380427,0.0022144317626953125
0.0014669350020994898,0.0022144317626953125
0.0015546790018561296,0.0022144317626953125
0.0016389190022891853,0.0022144317626953125
0.0017211890008184128,0.0022068023681640625
0.0018030659994110465,0.0022068023681640625
0.0018858710027416237,0.0022068023681640625
0.0019687460007844493,0.0022068023681640625
0.0020518490018730517,0.0022068023681640625
0.002134162001311779,0.0022068023681640625
0.002215447002527071,0.0022068023681640625
0.002297166000062134,0.0022068023681640625
0.0023791669991624076,0.0022068023681640625
0.0024634020010125823,0.0022068023681640625
0.0025497170026937965,0.0022068023681640625
0.002633326999784913,0.0022068023681640625
0.0027153170012752526,0.0022068023681640625
0.002798729001369793,0.0022068023681640625
0.002885244000935927,0.0022068023681640625
0.002970076002384303,0.0022068023681640625
0.003052831001696177,0.0022068023681640625
0.0031348570009868126,0.0022068023681640625
0.003218427002138924,0.0022068023681640625
0.0033016390007105656,0.0022068023681640625
0.0034173589992860798,0.0022068023681640625
0.00356792700040387,0.0022068023681640625
0.0036913590010954067,0.0022068023681640625
0.003825796000455739,0.0022068023681640625
0.0039457359998777974,0.0022068023681640625
0.0040384280000580475,0.0022068023681640625
0.004124024999327958,0.0022068023681640625
0.0042095490025531035,0.0022068023681640625
0.004354773001978174,0.0022068023681640625
0.004502993000642164,0.0022068023681640625
0.0046084640016488265,0.0022068023681640625
0.004695776002336061,0.0022068023681640625
0,0
