delta,ram
0,0.002716255187988237
0.00018538500080467202,0.002716255187988237
0.0003181020001647994,0.003196907043456987
0.0004191090010863263,0.003196907043456987
0.0005092710016469937,0.003196907043456987
0.0005973100014671218,0.003196907043456987
0.0006847170006949455,0.003196907043456987
0.0007727209995209705,0.003196907043456987
0.0008582480004406534,0.003196907043456987
0.0009491650016570929,0.003196907043456987
0.0010387450020061806,0.003196907043456987
0.001124681999499444,0.003196907043456987
0.0012135819997638464,0.003677558898925737
0.001301676002185559,0.003677558898925737
0.0013876420016458724,0.003677558898925737
0.001471922001655912,0.003677558898925737
0.0015608739995514043,0.003677558898925737
0.0016459319995192345,0.003677558898925737
0.001730678999592783,0.003677558898925737
0.001817152999137761,0.003677558898925737
0.0019027590024052188,0.003677558898925737
0.0019936700009566266,0.003677558898925737
0.0020836280018556863,0.003677558898925737
0.002169481998862466,0.003677558898925737
0.002254884999274509,0.003677558898925737
0.002375750998908188,0.003677558898925737
0.002465286001097411,0.003677558898925737
0.002550627999880817,0.003677558898925737
0.002639426998939598,0.003677558898925737
0.002724067002418451,0.003677558898925737
0.0028080590018362273,0.003677558898925737
0.002891757001634687,0.003677558898925737
0.002983320002385881,0.003677558898925737
0.0030679910014441703,0.003677558898925737
0.003151960001559928,0.003677558898925737
0.003239321998989908,0.003677558898925737
0.0033327119999739807,0.003677558898925737
0.003419937998842215,0.003677558898925737
0.003503834999719402,0.003677558898925737
0.0035875100002158433,0.003677558898925737
0.0036746930018125568,0.003677558898925737
0.0037602039992634673,0.003677558898925737
0.0038526509997609537,0.003677558898925737
0.003945231001125649,0.004158210754394487
0.004031873999338131,0.004158210754394487
0.0041173919998982456,0.004158210754394487
0.004201742001896491,0.004158210754394487
0.004286472001695074,0.004158210754394487
0.004370770999230444,0.004158210754394487
0.004454106001503533,0.004158210754394487
0.004536937001830665,0.004158210754394487
0.004619971001375234,0.004158210754394487
0.004702748999989126,0.004158210754394487
0,0
