delta,ram
0,0.0025718688964844194
0.00017560101696290076,0.0025718688964844194
0.0003129050019197166,0.0025718688964844194
0.00040734000504016876,0.0025718688964844194
0.0005043800047133118,0.0025718688964844194
0.0005915820074733347,0.0030525207519531694
0.0006769250030629337,0.0030525207519531694
0.0007605410064570606,0.0030525207519531694
0.0008430870075244457,0.0030525207519531694
0.0009257530036848038,0.0030525207519531694
0.001008191000437364,0.0030525207519531694
0.0010996370110660791,0.0030525207519531694
0.0011872330214828253,0.0030525207519531694
0.0012692840246018022,0.0030525207519531694
0.0013510110147763044,0.0030525207519531694
0.0014324880030471832,0.0030525207519531694
0.001520168996648863,0.0030525207519531694
0.0016039760084822774,0.0030525207519531694
0.0016868280072230846,0.0035331726074219194
0.001778482022928074,0.0035331726074219194
0.0018629319965839386,0.0035331726074219194
0.0019451560219749808,0.0035331726074219194
0.00202751302276738,0.0035331726074219194
0.002109291002852842,0.0035331726074219194
0.0021911910152994096,0.0035331726074219194
0.0022726150054950267,0.0035331726074219194
0.0023544080031570047,0.0035331726074219194
0.00243585099815391,0.0035331726074219194
0.0025221050018444657,0.0035331726074219194
0.0026048130239360034,0.0035331726074219194
0.0026860640209633857,0.0035331726074219194
0.002767429017694667,0.0035331726074219194
0.0028485220100264996,0.0035331726074219194
0.002930119022494182,0.0035331726074219194
0.0030114280234556645,0.0035331726074219194
0.003092868020758033,0.0035331726074219194
0.0031742480059619993,0.0035331726074219194
0.003256193012930453,0.0035331726074219194
0.0033380420063622296,0.0035331726074219194
0.003419526998186484,0.0035331726074219194
0.0035062280076090246,0.0035331726074219194
0.0035932650207541883,0.0035331726074219194
0.003676330001326278,0.0035331726074219194
0.0037588300183415413,0.004013824462890669
0.0038406710082199425,0.004013824462890669
0.003922908013919368,0.004013824462890669
0.0040231680031865835,0.004013824462890669
0.004106809006771073,0.004013824462890669
0.0041894120222423226,0.004013824462890669
0.004301633016439155,0.004013824462890669
0.004386662010801956,0.004013824462890669
0.004469002014957368,0.004013824462890669
0.004556199011858553,0.004013824462890669
0.004639503022190183,0.004013824462890669
0,0
