delta,ram
0,0.0015560150146485263
0.00019112399968435057,0.0020366668701172763
0.0003225349973945413,0.0020366668701172763
0.0004194009998172987,0.0020366668701172763
0.0005088949983473867,0.0020366668701172763
0.0005993109989503864,0.0020366668701172763
0.0006874739992781542,0.0020290374755860263
0.0007746909977868199,0.0020290374755860263
0.0008719209981791209,0.0020290374755860263
0.000959728000452742,0.0020290374755860263
0.0010514909990888555,0.0020290374755860263
0.001146110000263434,0.0020290374755860263
0.0012408699985826388,0.0020290374755860263
0.0013266479982121382,0.0025096893310547763
0.0014109719995758496,0.0025096893310547763
0.0014948149982956238,0.0025096893310547763
0.0015786980002303608,0.0025096893310547763
0.0016637369990348816,0.0025096893310547763
0.0017473699990659952,0.0025096893310547763
0.001862036999227712,0.0025096893310547763
0.0019531219986674841,0.0025096893310547763
0.0021104259976709727,0.0025096893310547763
0.0022331309992296156,0.0025096893310547763
0.0023389130001305602,0.0025096893310547763
0.0024353369990421925,0.0025096893310547763
0.002541129000746878,0.0025096893310547763
0.0026813479998963885,0.0025096893310547763
0.0028364259997033514,0.0029979705810547763
0.002929327998572262,0.0029979705810547763
0.0030144649972498883,0.0029979705810547763
0.003108695000264561,0.0029979705810547763
0.003196002999175107,0.0029979705810547763
0.0032804519978526514,0.0029979705810547763
0.0033645240000623744,0.0029979705810547763
0.0034496989974286407,0.0029979705810547763
0.0035353519997443072,0.0029979705810547763
0.0036191079998388886,0.0029979705810547763
0.003710919998411555,0.0029979705810547763
0.0038269709984888323,0.0029979705810547763
0.003986010000517126,0.0029979705810547763
0.004278279997379286,0.0029979705810547763
0.004501760999119142,0.0029979705810547763
0.0047128339974733535,0.0029979705810547763
0.004876899998635054,0.0029979705810547763
0.005137404998095008,0.0029979705810547763
0.005373972999223042,0.0029979705810547763
0.005506369998329319,0.0029979705810547763
0.00560253599905991,0.0029979705810547763
0.005697927997971419,0.0029979705810547763
0.006057992999558337,0.0029979705810547763
0,0
