delta,ram
0,0.0015256881713867632
0.00014989399642217904,0.0015256881713867632
0.0002617130012367852,0.002006340026855513
0.00034107799729099497,0.002006340026855513
0.0004152859983150847,0.002006340026855513
0.0004965560001437552,0.002006340026855513
0.0005692990016541444,0.002006340026855513
0.000639855999907013,0.002006340026855513
0.0007104359974619001,0.002006340026855513
0.0007818199956091121,0.002006340026855513
0.0008713179995538667,0.001998710632324263
0.0009571920018061064,0.002486991882324263
0.0010340719964005984,0.002486991882324263
0.0011095259978901595,0.002486991882324263
0.0011847299974760972,0.002486991882324263
0.0012597309978445992,0.002486991882324263
0.0013340259974938817,0.002486991882324263
0.001408361000358127,0.002486991882324263
0.0014905810021446086,0.002486991882324263
0.001566833998367656,0.002486991882324263
0.0016412769982707687,0.002486991882324263
0.0017371419962728396,0.002486991882324263
0.0018166669979109429,0.002486991882324263
0.0018958700020448305,0.002486991882324263
0.0019871539989253506,0.002486991882324263
0.0020616620022337884,0.002486991882324263
0.002136108996637631,0.003005790710449263
0.002277305000461638,0.003005790710449263
0.0025159770011669025,0.003005790710449263
0.0027846029988722876,0.003005790710449263
0.002957306001917459,0.003005790710449263
0.0031163759995251894,0.003005790710449263
0.0032725569981266744,0.003005790710449263
0.0034268609961145557,0.003005790710449263
0.003573187997972127,0.003005790710449263
0.0037536669988185167,0.003005790710449263
0.003901639000105206,0.003005790710449263
0.004038726001454052,0.003005790710449263
0.004131723995669745,0.003005790710449263
0.004270981997251511,0.003005790710449263
0.004420049001055304,0.003005790710449263
0,0
