delta,ram
0,0.002732849121093728
0.00028794800164178014,0.002732849121093728
0.00045416998909786344,0.002973175048828103
0.0005624350160360336,0.002973175048828103
0.0006548829842358828,0.002973175048828103
0.0007445989758707583,0.002973175048828103
0.0008325459784828126,0.002973175048828103
0.000919973012059927,0.002973175048828103
0.001006057020276785,0.002973175048828103
0.001090614008717239,0.002973175048828103
0.0011828069691546261,0.002973175048828103
0.0012882479932159185,0.003453826904296853
0.0013890989939682186,0.003453826904296853
0.0014816650073044002,0.003453826904296853
0.0015677619958296418,0.003453826904296853
0.0016541780205443501,0.003453826904296853
0.0017397039919160306,0.003453826904296853
0.0018309750012122095,0.003453826904296853
0.0019174059852957726,0.003453826904296853
0.0020041539683006704,0.003453826904296853
0.002090557012706995,0.003453826904296853
0.0021774069755338132,0.003453826904296853
0.00226890598423779,0.003453826904296853
0.00235672399867326,0.003453826904296853
0.0024431999772787094,0.003453826904296853
0.0025275530060753226,0.003453826904296853
0.002612234966363758,0.003934478759765603
0.002696528972592205,0.003934478759765603
0.0027819440001621842,0.003934478759765603
0.0028672770131379366,0.003934478759765603
0.0029528409941121936,0.003934478759765603
0.003038366965483874,0.003934478759765603
0.00312267302069813,0.003934478759765603
0.0032087190193124115,0.003934478759765603
0.00329981796676293,0.003934478759765603
0.003385554999113083,0.003934478759765603
0.0034710129839368165,0.003934478759765603
0.0035570249892771244,0.003934478759765603
0.0036431479966267943,0.003934478759765603
0.003727672970853746,0.003934478759765603
0.003811789967585355,0.003934478759765603
0.003896464011631906,0.003934478759765603
0.003982666996307671,0.003934478759765603
0.004068863985594362,0.003934478759765603
0.004154148977249861,0.003934478759765603
0,0
