delta,ram
0,0.002048492431640625
0.00017338900215690956,0.002529144287109375
0.0003279390002717264,0.002529144287109375
0.00042207600199617445,0.002529144287109375
0.0005126739997649565,0.002529144287109375
0.0006007199990563095,0.002529144287109375
0.0006850120043964125,0.002529144287109375
0.0007753550016786903,0.002529144287109375
0.00086050400568638,0.002529144287109375
0.0009438699999009259,0.002529144287109375
0.0010290930003975518,0.002529144287109375
0.001123603004089091,0.002529144287109375
0.0012152990020695142,0.002529144287109375
0.0013012320050620474,0.002529144287109375
0.001398758999130223,0.002529144287109375
0.0014810530046815984,0.002529144287109375
0.0015631499991286546,0.002529144287109375
0.0016537760020582937,0.002529144287109375
0.0017313640055363066,0.002529144287109375
0.0018067720011458732,0.002529144287109375
0.001928869001858402,0.00275421142578125
0.002013220000662841,0.00275421142578125
0.0020942980045219883,0.00275421142578125
0.0021911330040893517,0.00275421142578125
0.0022735010061296634,0.00275421142578125
0.002353752999624703,0.00275421142578125
0.002433715999359265,0.00275421142578125
0.002513213999918662,0.00323486328125
0.0025931900017894804,0.00323486328125
0.00268349600082729,0.00323486328125
0.002758390000963118,0.00323486328125
0.002833512000506744,0.00323486328125
0.002909770999394823,0.00323486328125
0.002983935999509413,0.00323486328125
0.0030899830017006025,0.00323486328125
0.003164282003126573,0.00323486328125
0.0032434400054626167,0.00323486328125
0.0033176080032717437,0.00323486328125
0.0033914020023075864,0.00323486328125
0.003476065001450479,0.00323486328125
0.00356491200363962,0.00323486328125
0.003638762005721219,0.00323486328125
0.0037125630042282864,0.00323486328125
0.0037858490031794645,0.00323486328125
0.003859734002617188,0.00323486328125
0.003933626001526136,0.00323486328125
0.004007478004496079,0.00323486328125
0.004081156002939679,0.00323486328125
0.004154580004978925,0.00323486328125
0.004258017004758585,0.00323486328125
0.004337145001045428,0.00323486328125
0.0044159870012663305,0.00323486328125
0.004495605004194658,0.00323486328125
0.00457500899938168,0.00323486328125
0.004654613003367558,0.00323486328125
0.004733219000627287,0.00323486328125
0.004811598999367561,0.00323486328125
0.004902922002656851,0.00323486328125
0.00497631799953524,0.00371551513671875
0.005069232000096235,0.00371551513671875
0.005157906001841184,0.00371551513671875
0,0
