delta,ram
0,0.002707099914550759
0.00022561300283996388,0.003187751770019509
0.00036627400186262093,0.003187751770019509
0.0004637460006051697,0.003187751770019509
0.0005609470026683994,0.003187751770019509
0.0006560800029546954,0.003187751770019509
0.0007509620008931961,0.003187751770019509
0.0008382330015592743,0.003187751770019509
0.0009229880015482195,0.003187751770019509
0.001008639002975542,0.003187751770019509
0.0010923990012088325,0.003187751770019509
0.0011773980004363693,0.003668403625488259
0.0012647100011236034,0.003668403625488259
0.0013479690023814328,0.003668403625488259
0.0014322160022857133,0.003668403625488259
0.0015280650004569907,0.003668403625488259
0.0016157060017576441,0.003668403625488259
0.0017075520008802414,0.003668403625488259
0.0018042190022242721,0.003668403625488259
0.0018911780025518965,0.003668403625488259
0.0019933550029236358,0.003668403625488259
0.002079565001622541,0.003668403625488259
0.002165423000406008,0.003668403625488259
0.002251483001600718,0.003668403625488259
0.002341252002224792,0.003668403625488259
0.00246848700044211,0.003668403625488259
0.0025614980004320387,0.003668403625488259
0.0026486990027478896,0.003668403625488259
0.0027410620023147203,0.003668403625488259
0.0028281100021558814,0.003668403625488259
0.0029126030021870974,0.004149055480957009
0.0029966750007588416,0.004149055480957009
0.003081047001614934,0.004149055480957009
0.003165345002344111,0.004149055480957009
0.0032497330030309968,0.004149055480957009
0.0033340030022372957,0.004149055480957009
0.0034180090005975217,0.004149055480957009
0.003502153002045816,0.004149055480957009
0.0035873480010195635,0.004149055480957009
0.0036710519998450764,0.004149055480957009
0.0037606559999403544,0.004149055480957009
0.0038459330025943927,0.004149055480957009
0.003938511003070744,0.004149055480957009
0.0040242420000140555,0.004149055480957009
0.004109913999855053,0.004149055480957009
0.004194271001324523,0.004149055480957009
0.004278361000615405,0.004149055480957009
0.0043979130023217294,0.004149055480957009
0.004486541001824662,0.004149055480957009
0,0
