delta,ram
0,0.002483367919921875
0.00018048000129056163,0.002964019775390625
0.0003182180007570423,0.002964019775390625
0.0004321270025684498,0.002964019775390625
0.0005299240001477301,0.002964019775390625
0.0006205820027389564,0.002964019775390625
0.0007167280018620659,0.002964019775390625
0.000806520001788158,0.002964019775390625
0.0008979939993878361,0.002964019775390625
0.0009854270028881729,0.002964019775390625
0.0010711710019677412,0.002964019775390625
0.0011665620004350785,0.002964019775390625
0.0012564360004034825,0.002964019775390625
0.0013493040023604408,0.002964019775390625
0.0014353139995364472,0.003444671630859375
0.001520162000815617,0.003444671630859375
0.0016195509997487534,0.003444671630859375
0.0017064420026144944,0.003444671630859375
0.0018240740027977154,0.003444671630859375
0.0019195019995095208,0.003444671630859375
0.0020138530016993172,0.003444671630859375
0.002107285999954911,0.003444671630859375
0.0021936690027359873,0.003444671630859375
0.0022780750005040318,0.003444671630859375
0.0023732100016786717,0.003444671630859375
0.0024613720015622675,0.003444671630859375
0.0025463160018261988,0.003444671630859375
0.0026298310003767256,0.003444671630859375
0.0027136339995195158,0.003444671630859375
0.002802650000376161,0.003444671630859375
0.002888418999646092,0.003444671630859375
0.0029752040027233306,0.003444671630859375
0.0030607070002588443,0.003444671630859375
0.003144485002849251,0.003925323486328125
0.0032610449998173863,0.003925323486328125
0.003371517999767093,0.003925323486328125
0.00345933700009482,0.003925323486328125
0,0
