delta,ram
0,0.0027267456054687056
0.0003975419676862657,0.0032073974609374556
0.0006081690080463886,0.0032073974609374556
0.0007236999808810651,0.0032073974609374556
0.0008189050131477416,0.0032073974609374556
0.0009246880072169006,0.0032073974609374556
0.0010160430101677775,0.0032073974609374556
0.0011081749689765275,0.0032073974609374556
0.0011984690208919346,0.0032073974609374556
0.0012849710183218122,0.0032073974609374556
0.0013808259973302484,0.0032073974609374556
0.001488442998379469,0.0032073974609374556
0.00159194297157228,0.0032073974609374556
0.0016793180257081985,0.0032073974609374556
0.00176304200431332,0.0032073974609374556
0.0018514419789426029,0.0032073974609374556
0.0019429440144449472,0.0032073974609374556
0.002026635978836566,0.0032073974609374556
0.0021277909982018173,0.0032073974609374556
0.0022137740161269903,0.0032073974609374556
0.002299416984897107,0.0036880493164062056
0.002394330978859216,0.0036880493164062056
0.002494806016329676,0.0036880493164062056
0.0025789429782889783,0.0036880493164062056
0.002661445992998779,0.0036880493164062056
0.0027433200157247484,0.0036880493164062056
0.0028351289802230895,0.0036880493164062056
0.0029189750202931464,0.0036880493164062056
0.0030083059682510793,0.0036880493164062056
0.0031097899773158133,0.0036880493164062056
0.0031927030067890882,0.0036880493164062056
0.003290018008556217,0.0036880493164062056
0.0033826360013335943,0.0036880493164062056
0.0035326199722476304,0.0036880493164062056
0.0036271149874664843,0.0036880493164062056
0.003716934996191412,0.0036880493164062056
0.0038085589767433703,0.004168701171874956
0.0038935960037633777,0.004168701171874956
0.003977589018177241,0.004168701171874956
0.0040611280128359795,0.004168701171874956
0.004145480983424932,0.004168701171874956
0.004235138010699302,0.004168701171874956
0.004346576984971762,0.004168701171874956
0.004430714994668961,0.004168701171874956
0.004516048007644713,0.004168701171874956
0.0046115570003166795,0.004168701171874956
0.004697933967690915,0.004168701171874956
0.004785733006428927,0.004168701171874956
0,0
