delta,ram
0,0.002864837646484375
0.00022831800015410408,0.002864837646484375
0.00037010000232839957,0.002864837646484375
0.0004710260036517866,0.003345489501953125
0.0005640410017804243,0.003345489501953125
0.0006544939969899133,0.003345489501953125
0.0007553500036010519,0.003345489501953125
0.0008573980012442917,0.003345489501953125
0.0009491340024396777,0.003345489501953125
0.0010408090020064265,0.003345489501953125
0.0011412660023779608,0.003345489501953125
0.0012480489967856556,0.003345489501953125
0.0013392730033956468,0.003345489501953125
0.001428117997420486,0.003345489501953125
0.0015157540037762374,0.003345489501953125
0.0016035809967434034,0.003345489501953125
0.001689687996986322,0.003345489501953125
0.0017845789989223704,0.003345489501953125
0.0018770719980238937,0.003345489501953125
0.0019643659979919903,0.003826141357421875
0.002050731003691908,0.003826141357421875
0.002137091003532987,0.003826141357421875
0.0022665310025331564,0.003826141357421875
0.0023591819990542717,0.003826141357421875
0.002446017002512235,0.003826141357421875
0.0025318350017187186,0.003826141357421875
0.002618600003188476,0.003826141357421875
0.0027090369985671714,0.003826141357421875
0.002797243003442418,0.003826141357421875
0.0028864479972980917,0.003826141357421875
0.002973011003632564,0.003826141357421875
0.0030601990001741797,0.003826141357421875
0.003149295000184793,0.003826141357421875
0.0032374310030718334,0.003826141357421875
0.0033220030018128455,0.003826141357421875
0.0034063159982906654,0.004306793212890625
0.0034908219968201593,0.004306793212890625
0.0035765830034506507,0.004306793212890625
0,0
