delta,ram
0,0.0015869140625
0.00020090200268896297,0.00206756591796875
0.00033244600126636215,0.00206756591796875
0.00044001400237903,0.00206756591796875
0.0005328900006134063,0.0025482177734375
0.0006222170013643336,0.0025482177734375
0.0007098770001903176,0.0025482177734375
0.0007961580013216008,0.00254058837890625
0.000881251002283534,0.00254058837890625
0.0009662940028647427,0.00254058837890625
0.0010504640013095923,0.00254058837890625
0.001143127003160771,0.00254058837890625
0.0012387650021992158,0.00254058837890625
0.0013523770030587912,0.002780914306640625
0.001444734003598569,0.002780914306640625
0.0015303960026358254,0.002780914306640625
0.0016149010007211473,0.002780914306640625
0.0016991270022117533,0.002780914306640625
0.001782764000381576,0.002765655517578125
0.0018659340021258686,0.002765655517578125
0.0019501190035953186,0.002765655517578125
0.002034527002251707,0.002765655517578125
0.0021178210008656606,0.002765655517578125
0.0022019360003469046,0.002765655517578125
0.0022863210033392534,0.002765655517578125
0.0023706570027570706,0.002765655517578125
0.0024625910009490326,0.002765655517578125
0.0025478530005784705,0.002765655517578125
0.002632061001349939,0.002765655517578125
0.0027167980006197467,0.002765655517578125
0.0028017550030199345,0.002765655517578125
0.002886353002395481,0.003284454345703125
0.0029704710032092407,0.003284454345703125
0.003054468001209898,0.003284454345703125
0.0031381830012833234,0.003284454345703125
0.00322222800241434,0.003284454345703125
0.003306192000309238,0.003276824951171875
0.0033900260023074225,0.003276824951171875
0.003481399002339458,0.003276824951171875
0.0035738180013140664,0.003276824951171875
0.0036591350035450887,0.003276824951171875
0.003746327001863392,0.003276824951171875
0.003880313000991009,0.003276824951171875
0.004032743003335781,0.003276824951171875
0.004204590000881581,0.003276824951171875
0.004362495001259958,0.003276824951171875
0.004715246002888307,0.003276824951171875
0.004953488001774531,0.003276824951171875
0.005132641003001481,0.003276824951171875
0.005353397002181737,0.003215789794921875
0.00551594700300484,0.00345611572265625
0.005645217002893332,0.00345611572265625
0,0
