delta,ram
0,0.002685546875
0.00025989601272158325,0.00316619873046875
0.00041086901910603046,0.00316619873046875
0.0005123479932080954,0.00316619873046875
0.0006028280186001211,0.00316619873046875
0.000690924993250519,0.00316619873046875
0.00077701301779598,0.00316619873046875
0.0008621150045655668,0.00316619873046875
0.0009588919929228723,0.00316619873046875
0.0010442850179970264,0.00316619873046875
0.0011300879996269941,0.00316619873046875
0.0012304460105951875,0.00316619873046875
0.0013184940034989268,0.00365447998046875
0.0014039039961062372,0.00365447998046875
0.0014888709993101656,0.00365447998046875
0.0015733909967821091,0.00365447998046875
0.0016592699976172298,0.00365447998046875
0.0017436390044167638,0.00365447998046875
0.0018327030120417476,0.00365447998046875
0.001924845011672005,0.00365447998046875
0.0020096680091228336,0.00365447998046875
0.002093610994052142,0.00365447998046875
0.0021767110156361014,0.0036468505859375
0.0023149159969761968,0.004116058349609375
0.002404524013400078,0.004116058349609375
0.002488817000994459,0.004116058349609375
0.0025729839981067926,0.004116058349609375
0.0026937710063066334,0.004116058349609375
0.0028549309936352074,0.004116058349609375
0.0030211260018404573,0.004116058349609375
0.0031756370153743774,0.004116058349609375
0.003325655998196453,0.004116058349609375
0.0034758739930111915,0.004116058349609375
0.0036308699927758425,0.004116058349609375
0.0037825780163984746,0.004116058349609375
0.003946985001675785,0.004116058349609375
0.004104018007637933,0.004116058349609375
0.004256725020240992,0.004116058349609375
0.004416292009409517,0.004116058349609375
0.0045757589978165925,0.004116058349609375
0.0047277270059566945,0.004116058349609375
0.00488793701515533,0.004116058349609375
0.005040757998358458,0.004116058349609375
0.005189007992157713,0.004116058349609375
0.0053192200139164925,0.004116058349609375
0.005472781020216644,0.004116058349609375
0.005594084010226652,0.004108428955078125
0.005687666009180248,0.004108428955078125
0.005806525005027652,0.004108428955078125
0.005962441005976871,0.004108428955078125
0.006088080001063645,0.004108428955078125
0.006258264998905361,0.004108428955078125
0.006360942992614582,0.004108428955078125
0.006448471016483381,0.004108428955078125
0.0065750100184232,0.004108428955078125
0.006682623992674053,0.004108428955078125
0,0
