delta,ram
0,0.002405548095703147
0.00020091799888177775,0.002405548095703147
0.0003288449988758657,0.002405548095703147
0.0004242149989295285,0.002405548095703147
0.000513226001203293,0.002405548095703147
0.0005996609979774803,0.002405548095703147
0.0006862999980512541,0.002405548095703147
0.0007810899987816811,0.002405548095703147
0.0008658049991936423,0.002405548095703147
0.0009603859980416019,0.002405548095703147
0.0010458040014782455,0.002405548095703147
0.001136877999670105,0.002893829345703147
0.0012257169983058702,0.002893829345703147
0.0013092879999021534,0.002893829345703147
0.0013923500009696,0.002893829345703147
0.0014756050004507415,0.002893829345703147
0.001558749998366693,0.002893829345703147
0.001641718001337722,0.002886199951171897
0.0017311960000370163,0.002886199951171897
0.0018154979989049025,0.002886199951171897
0.0018994199999724515,0.002886199951171897
0.0019829150005534757,0.003366851806640647
0.002065608998236712,0.003366851806640647
0.002202264000516152,0.003534698486328147
0.002371801998378942,0.003534698486328147
0.0025294869992649183,0.003527069091796897
0.002670509999006754,0.003527069091796897
0.0027707209992513526,0.003527069091796897
0.0028568960005941335,0.003527069091796897
0.002941710001323372,0.003527069091796897
0.0030268709997471888,0.003527069091796897
0.0031419939987245016,0.003527069091796897
0.0032827610011736397,0.003527069091796897
0.003425556998990942,0.003527069091796897
0.003566354000213323,0.003527069091796897
0.003704618000483606,0.003527069091796897
0.0038550319986825343,0.003527069091796897
0.0039979379980650265,0.003527069091796897
0.00414566900144564,0.003527069091796897
0.004288126998289954,0.003527069091796897
0.004426546998729464,0.003527069091796897
0.004575109000143129,0.003527069091796897
0.00466893200064078,0.003527069091796897
0.004800435999641195,0.003527069091796897
0.004954650001309346,0.003527069091796897
0.005105651998746907,0.003527069091796897
0.005232715000602184,0.003527069091796897
0.00538695000068401,0.003527069091796897
0.005536265998671297,0.003527069091796897
0.005675901000358863,0.003527069091796897
0.005770921998191625,0.003046417236328147
0.005856700001459103,0.0016044616699218972
0,0
