delta,ram
0,0.0025363922119141513
0.00018443600129103288,0.0025363922119141513
0.0003150609991280362,0.0025363922119141513
0.0004213719985273201,0.0030170440673829013
0.0005114560008223634,0.0030170440673829013
0.000598293001530692,0.0030170440673829013
0.0006862500013085082,0.0030170440673829013
0.0007771790005790535,0.0030094146728516513
0.0008630939992144704,0.0030017852783204013
0.0009474879989284091,0.0030017852783204013
0.0010330299992347136,0.0030017852783204013
0.0011268849993939511,0.0030017852783204013
0.0012498659998527728,0.0029979705810547763
0.0013451220002025366,0.0029979705810547763
0.0014309959988167975,0.0029979705810547763
0.0015149610007938463,0.0029979705810547763
0.0016010809995350428,0.0029979705810547763
0.0016887540004972834,0.0029979705810547763
0.0017753360007191077,0.0029979705810547763
0.0018707390008785296,0.0029979705810547763
0.0019660389989439864,0.0029903411865235263
0.0020523589992080815,0.0029903411865235263
0.002139233001798857,0.0029903411865235263
0.0022229130008781794,0.0029903411865235263
0.002306357000634307,0.0035396575927735263
0.0023965190011949744,0.0035396575927735263
0.002482562998920912,0.0035396575927735263
0.0025679499995021615,0.0035396575927735263
0.0026520530009292997,0.0035396575927735263
0.002737462000368396,0.0035396575927735263
0.0028206069982843474,0.0035396575927735263
0.0029072329998598434,0.0035396575927735263
0.002992459001688985,0.0035396575927735263
0.003078342000662815,0.0035396575927735263
0.0031622749993402977,0.0035396575927735263
0.0032475830012117513,0.0035396575927735263
0.0033443419997638557,0.0035396575927735263
0.003481106999970507,0.0035396575927735263
0.003625735000241548,0.0035396575927735263
0.00376364100156934,0.0035396575927735263
0.003906752001057612,0.0035396575927735263
0.004050644998642383,0.0035396575927735263
0.004197387999738567,0.0035396575927735263
0.004348015998402843,0.0035396575927735263
0.004497767000430031,0.0035396575927735263
0.004638692000298761,0.0035396575927735263
0.004771282998262905,0.0035396575927735263
0.0048666479997336864,0.0035396575927735263
0.004957108998496551,0.0016170501708985263
0,0
