delta,ram
0,-0.000518798828125
0.00019084999803453684,-3.814697265625e-05
0.0003151420023641549,-3.814697265625e-05
0.00040929300303105265,-3.814697265625e-05
0.000536106999788899,-3.814697265625e-05
0.0006267060016398318,-4.57763671875e-05
0.0007128419965738431,-4.57763671875e-05
0.0007972390012582764,-4.57763671875e-05
0.0008813759995973669,-4.57763671875e-05
0.0009662529992056079,-4.57763671875e-05
0.001049831997079309,-4.57763671875e-05
0.0011430559970904142,-4.57763671875e-05
0.0012370999975246377,-4.57763671875e-05
0.0013217919986345805,-4.57763671875e-05
0.0014069980024942197,-4.57763671875e-05
0.0014969499970902689,-4.57763671875e-05
0.001581060998432804,0.00043487548828125
0.0016686489980202168,0.00043487548828125
0.0017523610003991053,0.00043487548828125
0.0018358180022914894,0.00043487548828125
0.0019194499982404523,0.00043487548828125
0.002002196997636929,0.00043487548828125
0.0020854989998042583,0.00043487548828125
0.0021680840000044554,0.00043487548828125
0.0022503250002046116,0.00043487548828125
0.0023326130030909553,0.00043487548828125
0.002415210001345258,0.00043487548828125
0.002502773000742309,0.00043487548828125
0.0025863289993139915,0.00043487548828125
0.002669055000296794,0.00043487548828125
0.0027514679968589917,0.00043487548828125
0.0028352439985610545,0.00101470947265625
0.0029178729964769445,0.00101470947265625
0.0030005779990460724,0.00101470947265625
0.003083750001678709,0.00101470947265625
0.003167875998769887,0.00101470947265625
0.0032509779994143173,0.00101470947265625
0.003333847998874262,0.00101470947265625
0.0034168700003647245,0.00101470947265625
0.00350668300234247,0.00101470947265625
0.0035907909987145104,0.00101470947265625
0.003674421001051087,0.00101470947265625
0.003817217002506368,0.00101470947265625
0.003978761000325903,0.00101470947265625
0.004139030002988875,0.00101470947265625
0.004296774000977166,0.00101470947265625
0.004483299999265,0.000766754150390625
0.004656675999285653,0.001007080078125
0.004802347997610923,0.001007080078125
0.004959356003382709,0.001007080078125
0.005119103996548802,0.001007080078125
0.005280755998683162,0.001007080078125
0.005372867002733983,0.001007080078125
0,0
