delta,ram
0,0.001784133911132857
0.00018339800044486765,0.001784133911132857
0,0
-1,-1
