delta,ram
0,0.00283050537109375
0.00017932499940798152,0.00283050537109375
0,0
-1,-1
