delta,ram
0,0.0017494201660156472
0.00024789897724986076,0.002230072021484397
0.00039469098555855453,0.002230072021484397
0.0004904059751424938,0.002230072021484397
0.0005787999834865332,0.002230072021484397
0.0006754939968232065,0.002230072021484397
0.0007608299783896655,0.002230072021484397
0.0008450140012428164,0.002230072021484397
0.0009284669940825552,0.002222442626953147
0.0010129889997188002,0.002222442626953147
0.0010968959832098335,0.002222442626953147
0.0012043679889757186,0.002222442626953147
0.0012902229791507125,0.002222442626953147
0.0013745350006502122,0.002222442626953147
0.001458746992284432,0.002222442626953147
0.001542433979921043,0.002222442626953147
0.0016315679822582752,0.002710723876953147
0.0017152359941974282,0.002710723876953147
0.0018018779810518026,0.002710723876953147
0.0018865249876398593,0.002710723876953147
0.0019698449759744108,0.002710723876953147
0.002053273987257853,0.002710723876953147
0.002136651979526505,0.002710723876953147
0.0022198289807420224,0.002710723876953147
0.002303007000591606,0.002710723876953147
0.0023865059774834663,0.002710723876953147
0.002469572995323688,0.002710723876953147
0.002552514983108267,0.002710723876953147
0.0026416530017741024,0.002710723876953147
0.0027275029860902578,0.002710723876953147
0.0028107769903726876,0.002710723876953147
0.002894965000450611,0.002710723876953147
0.0029775919974781573,0.002710723876953147
0.0030611999973189086,0.002710723876953147
0.0031451389950234443,0.002710723876953147
0.003228563000448048,0.002710723876953147
0.003316702990559861,0.002710723876953147
0.0034024979977402836,0.002710723876953147
0.0034861679887399077,0.002710723876953147
0.0035696599807124585,0.002710723876953147
0.0036587189824786037,0.002710723876953147
0.0037425829796120524,0.002710723876953147
0.0038263769820332527,0.002710723876953147
0.003956606000429019,0.002710723876953147
0.00411819398868829,0.002710723876953147
0.004276856983778998,0.002710723876953147
0.004431685985764489,0.002710723876953147
0.004594987985910848,0.002710723876953147
0.004750399995828047,0.002710723876953147
0.004899984982330352,0.002710723876953147
0.0050392769917380065,0.002710723876953147
0.005190313997445628,0.002710723876953147
0.005335533991456032,0.002710723876953147
0,0
