delta,ram
0,0.001312255859375
0.00017034700067597441,0.001312255859375
0.00031905900323181413,0.00179290771484375
0.0004064880013174843,0.00179290771484375
0.0004854200014960952,0.00179290771484375
0.0005819780017191079,0.00179290771484375
0.0006875440012663603,0.00179290771484375
0.0007794940029270947,0.00179290771484375
0.0008694380012457259,0.00179290771484375
0.0009544929998810403,0.00179290771484375
0.0010485620005056262,0.00179290771484375
0.0011343850019329693,0.00179290771484375
0.0012183880025986582,0.00179290771484375
0.0013028360008320305,0.00179290771484375
0.0013864620013919193,0.00179290771484375
0.0014694279998366255,0.00179290771484375
0.0015525030030403286,0.0022735595703125
0.001635690001421608,0.0022735595703125
0.0017307330017501954,0.0022735595703125
0.0018168610004067887,0.0022735595703125
0.0018970220007759053,0.0022735595703125
0.001976925999770174,0.0022735595703125
0.0020568550025927834,0.0022735595703125
0.0021403880018624477,0.0022735595703125
0.0022207809997780714,0.0022735595703125
0.002303921002749121,0.0022735595703125
0.0023843470007705037,0.0022735595703125
0.0024644960030855145,0.0022735595703125
0.002544892002333654,0.0022735595703125
0.002629701000842033,0.0022735595703125
0.0027097860001958907,0.0028228759765625
0.002794277999782935,0.0028228759765625
0.0028743910006596707,0.0028228759765625
0.002953910003270721,0.0028228759765625
0.003032877000805456,0.0028228759765625
0.003115171002718853,0.0028228759765625
0.00321530000292114,0.0028228759765625
0.0033273510016442742,0.0028228759765625
0.0034095410010195337,0.0028228759765625
0.003491619001579238,0.0028228759765625
0.0035740830026043113,0.0028228759765625
0.0037146900031075347,0.0028228759765625
0.003880084001139039,0.0028228759765625
0.00403149700287031,0.0028228759765625
0.004179262999969069,0.0028228759765625
0.0043607750012597535,0.001682281494140625
0.004518818001088221,0.001682281494140625
0.004651189003197942,0.001621246337890625
0.004945826000039233,0.001621246337890625
0.005166892002307577,0.001621246337890625
0.005317586001183372,0.001621246337890625
0.005434786002297187,0.001621246337890625
0,0
