delta,ram
0,0.0017761230468749112
0.00020455499907257035,0.002256774902343661
0.0003409529999771621,0.002256774902343661
0.00045585199768538587,0.002256774902343661
0.0005489699979079887,0.002256774902343661
0.000641574999463046,0.002256774902343661
0.0007330449989240151,0.002256774902343661
0.0008228039987443481,0.002256774902343661
0.0009205440001096576,0.002256774902343661
0.0010112710006069392,0.002256774902343661
0.0010969319992000237,0.002256774902343661
0.001192283998534549,0.002256774902343661
0.0013333719980437309,0.002497100830078036
0.0014357139989442658,0.002497100830078036
0.0015228849988488946,0.002497100830078036
0.0016085600000224076,0.002489471435546786
0.0016933179977058899,0.002489471435546786
0.0017786799980967771,0.002489471435546786
0.001862911998614436,0.002489471435546786
0.0019480669980111998,0.002489471435546786
0.002032558997598244,0.002489471435546786
0.002117764001013711,0.002489471435546786
0.002202423998824088,0.002489471435546786
0.002296950999152614,0.002489471435546786
0.0023895029989944305,0.002489471435546786
0.002474782999343006,0.002489471435546786
0.0025595549996069167,0.002489471435546786
0.0026445240000612102,0.002489471435546786
0.002729037998506101,0.002489471435546786
0.002814510000462178,0.002489471435546786
0.0029000110007473268,0.002489471435546786
0.0029859210007998627,0.002489471435546786
0.0030712689986103214,0.002489471435546786
0.0031572449988743756,0.002489471435546786
0.0032460049988003448,0.002489471435546786
0.0033315420005237684,0.003023529052734286
0.0035643490009533707,0.003015899658203036
0.003699590997712221,0.003015899658203036
0.003799140999035444,0.003015899658203036
0.003945266998925945,0.003015899658203036
0.004121417998248944,0.003015899658203036
0.004330552997998893,0.003015899658203036
0.004519729998719413,0.003015899658203036
0.004707652999059064,0.003015899658203036
0.004898848001175793,0.003015899658203036
0.005084922999230912,0.003015899658203036
0.005293897000228753,0.003256225585937411
0.005483228000230156,0.003256225585937411
0.005677253000612836,0.003256225585937411
0.0058604629994079005,0.003256225585937411
0.006366997000441188,0.003256225585937411
0.006669558999419678,0.003256225585937411
0.006829269001173088,0.003256225585937411
0.006968427998799598,0.003256225585937411
0,0
