delta,ram
0,0.001674652099609375
0.00021122300313436426,0.001674652099609375
0.00035494800249580294,0.001674652099609375
0.0005035590002080426,0.001674652099609375
0.0006079020022298209,0.001674652099609375
0.0007034950031084009,0.001674652099609375
0.0008237239999289159,0.001674652099609375
0.0009209750023728702,0.001674652099609375
0.0010168910011998378,0.001674652099609375
0.0011132520012324676,0.002162933349609375
0.001226140000653686,0.002162933349609375
0.0013226530027168337,0.002162933349609375
0.0014154050004435703,0.002162933349609375
0.0015092850007931702,0.002162933349609375
0.0016005810030037537,0.002162933349609375
0.0016913120016397443,0.002162933349609375
0.0017889410009956919,0.002162933349609375
0.001881747000879841,0.002162933349609375
0.0019743460034078453,0.002162933349609375
0.00206511700162082,0.002643585205078125
0.002156317001208663,0.002635955810546875
0.002246990003186511,0.002635955810546875
0.002336474000912858,0.002635955810546875
0.0024273200033348985,0.002635955810546875
0.0025180020020343363,0.002635955810546875
0.00260780900134705,0.002635955810546875
0.0026989960024366155,0.002635955810546875
0.0027959620019828435,0.002635955810546875
0.002887652000936214,0.002635955810546875
0.0029781800003547687,0.002635955810546875
0.003067932000703877,0.002635955810546875
0.0031593680032528937,0.002635955810546875
0.0032495860032213386,0.002635955810546875
0.0033397610022802837,0.002628326416015625
0.0034328750007261988,0.002628326416015625
0.0035232150003139395,0.002628326416015625
0.00431872900298913,0.0033111572265625
0.00471425000068848,0.0037689208984375
0.004895055000815773,0.0037689208984375
0.005053915003372822,0.0037689208984375
0.014146954003081191,0.0037689208984375
0.014661906003311742,0.0037689208984375
0.01496648500324227,0.0037689208984375
0.015333984003518708,0.0037689208984375
0.015619348003383493,0.0037689208984375
0.015883365002082428,0.0037689208984375
0,0
