delta,ram
0,0.0015163421630859375
0.00019159200019203126,0.0019969940185546875
0.0003492089999781456,0.0019969940185546875
0.0004662770006689243,0.0019969940185546875
0.0005616560010821559,0.0019969940185546875
0.0006628760020248592,0.0019969940185546875
0.0007513680029660463,0.0019969940185546875
0.0008381900006497744,0.0019969940185546875
0.0009345280013803858,0.0019969940185546875
0.0010248720027448144,0.0019969940185546875
0.0011215320009796415,0.0019969940185546875
0.0012073329999111593,0.0019969940185546875
0.0013045880004938226,0.0019969940185546875
0.0014205160005076323,0.0019969940185546875
0.0015182290007942356,0.0019969940185546875
0.0016037710011005402,0.0019969940185546875
0.0016885340010048822,0.0019969940185546875
0.0017749140024534427,0.0019969940185546875
0.0018592720007291064,0.0019969940185546875
0,0
-1,-1
