delta,ram
0,0.001294326782226518
0.0001947410055436194,0.002488327026367143
0.0003377149987500161,0.002488327026367143
0.0004369690141174942,0.002488327026367143
0.0005286890082061291,0.002488327026367143
0.000630728987744078,0.002488327026367143
0.000722536991816014,0.002488327026367143
0.0008113050134852529,0.002488327026367143
0.0008991000067908317,0.002488327026367143
0.0009893199894577265,0.002488327026367143
0.0010772389941848814,0.002488327026367143
0.0011785519891418517,0.002968978881835893
0.0012713219912257046,0.002968978881835893
0.0013575399934779853,0.002968978881835893
0.0014445300039369613,0.002968978881835893
0.0015733620093669742,0.002968978881835893
0.001673511986155063,0.002968978881835893
0.0017619149875827134,0.002968978881835893
0.0018479370046406984,0.002968978881835893
0.0019336690020281821,0.002968978881835893
0.002019039005972445,0.002968978881835893
0.00210315000731498,0.002968978881835893
0.0021885850001126528,0.002968978881835893
0.002273522986797616,0.002968978881835893
0.002358252997510135,0.002968978881835893
0.0024419330002274364,0.003449630737304643
0.002526227995986119,0.003449630737304643
0.0026307420048397034,0.003449630737304643
0.002716451999731362,0.003449630737304643
0.0028017819859087467,0.003449630737304643
0.0028872730035800487,0.003449630737304643
0.002971693000290543,0.003449630737304643
0.003055567998671904,0.003449630737304643
0.003139964013826102,0.003449630737304643
0.003223590989364311,0.003449630737304643
0.0033077659900300205,0.003449630737304643
0.0033920989953912795,0.003449630737304643
0.0034768260084092617,0.003449630737304643
0.0035614630032796413,0.003449630737304643
0.0036525700124911964,0.003449630737304643
0.0037390200013760477,0.003449630737304643
0.0038237599947024137,0.003449630737304643
0.003908131999196485,0.003449630737304643
0.003992059006122872,0.003449630737304643
0.004084093001438305,0.003449630737304643
0.004168938001384959,0.003449630737304643
0.00425446400186047,0.003449630737304643
0.004339103994425386,0.003930282592773393
0.004424139013281092,0.003930282592773393
0.0045102960139047354,0.003930282592773393
0.004595479986164719,0.003930282592773393
0.004689285007771105,0.003930282592773393
0.004774787987116724,0.003930282592773393
0,0
