delta,ram
0,0.00226593017578125
0.00020710800163215026,0.00274658203125
0.00035073000253760256,0.00274658203125
0.0004502830015553627,0.00274658203125
0.0005719300024793483,0.00274658203125
0.0006728209991706535,0.00274658203125
0.0007685950004088227,0.00274658203125
0.0008590360012021847,0.00274658203125
0.0009472929996263701,0.00274658203125
0.0010340539993194398,0.00274658203125
0.0011210350021428894,0.00274658203125
0.001221334001456853,0.00274658203125
0.0013163370022084564,0.00322723388671875
0.0014034710002306383,0.00322723388671875
0.0014898660010658205,0.00322723388671875
0.001580519001436187,0.00322723388671875
0.0016740700011723675,0.00322723388671875
0.001762858999427408,0.00322723388671875
0.0018484460015315562,0.00322723388671875
0.0019331750008859672,0.00322723388671875
0.002019274001213489,0.00322723388671875
0.00210598800185835,0.00322723388671875
0.0021936240009381436,0.00322723388671875
0.002278374002344208,0.00322723388671875
0.0023626959991815966,0.00322723388671875
0.0024459230007778388,0.00322723388671875
0.002531009002268547,0.00322723388671875
0.002615657002024818,0.0037078857421875
0.0027178730015293695,0.0037078857421875
0.002806892000080552,0.0037078857421875
0.002997793002577964,0.0037078857421875
0.0031136590005189646,0.0037078857421875
0.0032031539994932245,0.0037078857421875
0.0032891789996938314,0.0037078857421875
0.0033751100017980207,0.0037078857421875
0.0034604970023792703,0.0037078857421875
0.0035444960012682714,0.0037078857421875
0.0036287930015532766,0.0037078857421875
0.0037206470005912706,0.0037078857421875
0.003807455999776721,0.0037078857421875
0.0038958910008659586,0.0037078857421875
0.003987183001299854,0.0037078857421875
0.004087519002496265,0.0037078857421875
0.004180247000476811,0.0037078857421875
0.004265686002327129,0.0037078857421875
0.004350300001533469,0.0037078857421875
0.004434794002008857,0.0037078857421875
0.004533162002189783,0.00418853759765625
0.004625018002116121,0.00418853759765625
0.0047163029994408134,0.00418853759765625
0.004806087999895681,0.00418853759765625
0.004892172000836581,0.00418853759765625
0.004986577001545811,0.00418853759765625
0.005084894000901841,0.00418853759765625
0.005170955999346916,0.00418853759765625
0.0052555330003087875,0.00418853759765625
0.005339788000128465,0.00418853759765625
0.005424275001132628,0.00418853759765625
0.005509028000233229,0.00418853759765625
0.005593882000539452,0.00418853759765625
0.005684702002326958,0.00418853759765625
0,0
