delta,ram
0,0.002155303955078125
0.00017024900080286898,0.002635955810546875
0.00032392200228059664,0.002635955810546875
0.00043227300193393603,0.002635955810546875
0,0
-1,-1
