delta,ram
0,0.0025005340576171875
0.00017683899932308123,0.0025005340576171875
0.00032680699951015413,0.0029811859130859375
0.0004246339995006565,0.0029811859130859375
0.0005327809994923882,0.0029811859130859375
0.0006196479989739601,0.0029811859130859375
0.0007038199983071536,0.0029811859130859375
0.000797941000200808,0.0029811859130859375
0.0008812109990685713,0.0029811859130859375
0,0
-1,-1
