delta,ram
0,0.001928901672363259
0.0001678239987086272,0.001928901672363259
0,0
-1,-1
