delta,ram
0,0.00139617919921875
0.00017566200040164404,0.00139617919921875
0.0002916569992521545,0.00139617919921875
0.000376875999791082,0.00139617919921875
0.00048503200014238246,0.00139617919921875
0.0005641249990731012,0.00139617919921875
0.0006493490000138991,0.00139617919921875
0.0007273880000866484,0.00139617919921875
0.0008038079995458247,0.0018768310546875
0.0008798939998087008,0.0018768310546875
0.0009670469989941921,0.0018768310546875
0.0010456999989401083,0.0018768310546875
0.001141302000178257,0.0018768310546875
0.001222079999934067,0.0018768310546875
0.0013023569990764372,0.0018768310546875
0.0013825019996147603,0.0018768310546875
0.0014624649993493222,0.0018768310546875
0.0015433150001626927,0.0018768310546875
0.00162368599922047,0.0018768310546875
0.0017098429998441134,0.0018768310546875
0.0017905109998537228,0.0018768310546875
0.001870767999207601,0.0018768310546875
0.001951277999978629,0.0018768310546875
0.0020319310006016167,0.0018768310546875
0.002112596999722882,0.0018768310546875
0.0021930149996478576,0.0018768310546875
0.002273325999340159,0.0018768310546875
0.0023535290001746034,0.0018768310546875
0.0024342460001207655,0.0018768310546875
0.0025191349996021017,0.0018768310546875
0.0026001629994425457,0.0018768310546875
0.002684781999050756,0.0018768310546875
0.002765965999060427,0.0018768310546875
0.002845966999302618,0.0018768310546875
0.002949415000330191,0.0018768310546875
0.0030324210001708707,0.0018768310546875
0.0031154070002230583,0.0018768310546875
0.003243093000492081,0.0018463134765625
0.003413144999285578,0.002773284912109375
0.003547033000359079,0.002773284912109375
0.0036884259989165002,0.002773284912109375
0.0038351990006049164,0.002773284912109375
0.0039827219989092555,0.002773284912109375
0.004126890000407002,0.002773284912109375
0.004238461999193532,0.002773284912109375
0.004382572000395157,0.002773284912109375
0,0
