delta,ram
0,0.002012634277343772
0.000260397995589301,0.002012634277343772
0.00040290202014148235,0.002012634277343772
0.0005013750051148236,0.002012634277343772
0.0005933979991823435,0.002012634277343772
0.0006831070058979094,0.002012634277343772
0.0007713420200161636,0.002012634277343772
0.0008752540161367506,0.002012634277343772
0.0009631059947423637,0.002012634277343772
0.001049484999384731,0.002012634277343772
0.001136200997279957,0.002500915527343772
0.0012379670224618167,0.002500915527343772
0.0013252950157038867,0.002500915527343772
0.0014113619981799275,0.002500915527343772
0.0014968690229579806,0.002500915527343772
0.001581421005539596,0.002500915527343772
0.001665334013523534,0.002500915527343772
0.0017499579989816993,0.002500915527343772
0.0018435420060995966,0.002500915527343772
0.0019290290074422956,0.002500915527343772
0.002013295015785843,0.002500915527343772
0.0020970290061086416,0.002500915527343772
0.0021808580204378814,0.002500915527343772
0.002264096023282036,0.002500915527343772
0.0023481429961975664,0.002500915527343772
0.0024329720181412995,0.002500915527343772
0.002516986016416922,0.002500915527343772
0.0031820920121390373,0.002500915527343772
0.0033808800217229873,0.002500915527343772
0.0035380200133658946,0.002500915527343772
0.003683489019749686,0.002500915527343772
0.0038532020116690546,0.002500915527343772
0.004028327995911241,0.002500915527343772
0.004178407019935548,0.002500915527343772
0.004322695021983236,0.002500915527343772
0,0
