delta,ram
0,0.001542472839355491
0.00018565699429018423,0.001542472839355491
0.00031718699756311253,0.001542472839355491
0.00041442099609412253,0.001542472839355491
0.0005065699951956049,0.001542472839355491
0.0005997929984005168,0.002023124694824241
0.0006882979942020029,0.002023124694824241
0.0007741209992673248,0.002015495300292991
0.0008596159968874417,0.002015495300292991
0.0009452359954593703,0.002015495300292991
0.0010394029959570616,0.002015495300292991
0.0011419839938753285,0.002255821228027366
0.0012285329939913936,0.002255821228027366
0.0013129239960107952,0.002736473083496116
0.0013965819962322712,0.002736473083496116
0.0014801759971305728,0.002736473083496116
0.0015633149960194714,0.002736473083496116
0.0016481869970448315,0.002736473083496116
0.0017323270003544167,0.002736473083496116
0.0018161069965572096,0.002736473083496116
0.0018995089994859882,0.002736473083496116
0.0019831929967040196,0.002736473083496116
0.0020667999997385778,0.003316307067871116
0.0021575860009761527,0.003316307067871116
0.0022409219964174554,0.003316307067871116
0.0023256709973793477,0.003316307067871116
0.0024114639963954687,0.003316307067871116
0.0024963899995782413,0.003316307067871116
0.002587449998827651,0.003316307067871116
0.0027621949993772432,0.003438377380371116
0.0029153539944672957,0.003438377380371116
0.0030501090004690923,0.003438377380371116
0.0032155139997485094,0.003430747985839866
0.003368650999618694,0.003430747985839866
0.0034754660009639338,0.003430747985839866
0.0038283819958451204,0.003430747985839866
0.004325498994148802,0.003430747985839866
0.004552442995191086,0.003430747985839866
0.004854422993957996,0.003430747985839866
0.005038995994254947,0.003430747985839866
0.005168617994058877,0.003430747985839866
0,0
