delta,ram
0,0.0016021728515625
0.00020552900241455063,0.0016021728515625
0.00033863000135170296,0.0016021728515625
0.00043450600060168654,0.0016021728515625
0.000536526000360027,0.0016021728515625
0.0006267120006668847,0.0016021728515625
0.0007131630009098444,0.0016021728515625
0.0007985830015968531,0.0016021728515625
0.0008834140026010573,0.0016021728515625
0.0009680080001999158,0.0016021728515625
0.001058825000654906,0.0016021728515625
0.001152320000983309,0.0016021728515625
0.0012412920004862826,0.0016021728515625
0.0013257280006655492,0.0016021728515625
0.001410000000760192,0.0016021728515625
0.0014959280015318654,0.0020904541015625
0.0015798350032127928,0.0020904541015625
0.0016647570009808987,0.0020904541015625
0.0017543339999974705,0.0020904541015625
0.0018389100005151704,0.0020904541015625
0.0019221830007154495,0.0020904541015625
0.002006427002925193,0.0020904541015625
0.0020964730028936174,0.0020904541015625
0.00218175600093673,0.0020904541015625
0.002265374001581222,0.0025787353515625
0.0023486589998356067,0.0025787353515625
0.0024316400013049133,0.0025787353515625
0.002514767002139706,0.0025787353515625
0.0025979460006055888,0.0025787353515625
0.0026814630000444595,0.0025787353515625
0.0027647630013234448,0.0025787353515625
0.0028488890020526014,0.0025787353515625
0.002931766000983771,0.0025787353515625
0.0030144490010570735,0.0025787353515625
0.003103644001384964,0.0025787353515625
0.003222459999960847,0.0025787353515625
0.0033688310031720903,0.0025787353515625
0.0035537140029191505,0.00257110595703125
0.0037125960006960668,0.00257110595703125
0.003866519000439439,0.00257110595703125
0.004003550002380507,0.0030517578125
0.004132918002142105,0.0030517578125
0.004224822001560824,0.0030517578125
0.0043104800024593715,0.0030517578125
0.004396007003379054,0.0030517578125
0.004489740000281017,0.0030517578125
0.004629226001270581,0.0030517578125
0.004786634002812207,0.0030517578125
0.004937312001857208,0.0030517578125
0.0051026680012000725,0.0030517578125
0.0052646390031441115,0.0030517578125
0.00540848800301319,0.0030517578125
0.005569084001763258,0.0030517578125
0.0057194380024157,0.0030517578125
0,0
