delta,ram
0,0.002498626708984375
0.00020357698667794466,0.002979278564453125
0.0003349269973114133,0.002979278564453125
0.00043212895980104804,0.002979278564453125
0.0005232399562373757,0.002979278564453125
0.0006221499643288553,0.002979278564453125
0.0007101839873939753,0.002979278564453125
0.0007975749904289842,0.002979278564453125
0.000882828957401216,0.002979278564453125
0.0009695409680716693,0.002979278564453125
0.0010543879470787942,0.002971649169921875
0.0011503069545142353,0.002971649169921875
0.0012492979876697063,0.0024871826171875
0.0013351229717954993,0.0024871826171875
0.0014246119535528123,0.0024871826171875
0.0015224319649860263,0.0024871826171875
0.0016460309852845967,0.0024871826171875
0.0017341129714623094,0.0029754638671875
0.0018184739747084677,0.0029754638671875
0.0019024519715458155,0.0029754638671875
0.0019848179654218256,0.0029754638671875
0.002067497989628464,0.0029754638671875
0.0021498569985851645,0.0029754638671875
0.0022326329490169883,0.0029754638671875
0.0023147259489633143,0.0029754638671875
0.0023974559735506773,0.0029754638671875
0.0024799099774099886,0.0029754638671875
0.00256971298949793,0.0029754638671875
0.002653720963280648,0.0029754638671875
0.0027372499462217093,0.0029754638671875
0.002820925961714238,0.0029754638671875
0.0029049829463474452,0.0029754638671875
0.002988121996168047,0.0029754638671875
0.0030716759501956403,0.0029754638671875
0.003155211976263672,0.0029754638671875
0.0032507089781574905,0.0029754638671875
0.003364495001733303,0.0029754638671875
0.003502278996165842,0.0029754638671875
0.003649508988019079,0.0029754638671875
0.0037916809669695795,0.0029754638671875
0.00393924699164927,0.0029754638671875
0.004098999954294413,0.0029754638671875
0.004219934984575957,0.0029754638671875
0.004310380958486348,0.0029754638671875
0.004394664952997118,0.0029754638671875
0.004480499948840588,0.0029754638671875
0.0048604829935356975,0.0029754638671875
0.005152771947905421,0.0029754638671875
0.0052824129816144705,0.003551483154296875
0.005937234964221716,0.003551483154296875
0.006059173960238695,0.003551483154296875
0.006160374963656068,0.003551483154296875
0.006251301965676248,0.003551483154296875
0.006338095001410693,0.003551483154296875
0.006423507002182305,0.003551483154296875
0.006520876951981336,0.003551483154296875
0.006608328956644982,0.003551483154296875
0.006693645962513983,0.003551483154296875
0.006780511001124978,0.003551483154296875
0,0
