delta,ram
0,0.001800537109375
0.00023411199799738824,0.00228118896484375
0.0003771139890886843,0.0027618408203125
0.0004735990078188479,0.0027618408203125
0.000563431007321924,0.0027618408203125
0.0006506979989353567,0.0027618408203125
0.0007367370126303285,0.0027618408203125
0.0008218940056394786,0.0027618408203125
0.0009059160074684769,0.0027618408203125
0.0009913950052578002,0.0027618408203125
0.0010890589910559356,0.0027618408203125
0.0011832480086013675,0.0027618408203125
0.0012684729881584644,0.0027618408203125
0.0013543509994633496,0.0027618408203125
0.0014380780048668385,0.0027618408203125
0.0015214250015560538,0.0027618408203125
0.0016043279902078211,0.0027618408203125
0.0016895279986783862,0.0027618408203125
0.0017747310048434883,0.0027618408203125
0.0018593569984659553,0.0027618408203125
0.001978114014491439,0.0027618408203125
0.002067985013127327,0.0027618408203125
0.002159208001103252,0.00324249267578125
0.002246048010420054,0.00324249267578125
0.002330443006940186,0.00324249267578125
0.0024158000014722347,0.00323486328125
0.0024998559965752065,0.00323486328125
0.002583035995485261,0.00323486328125
0.002666815009433776,0.00323486328125
0.0027502969896886498,0.00323486328125
0.002832778001902625,0.00323486328125
0.0029164630104787648,0.00323486328125
0.0029995630029588938,0.00323486328125
0.003082417999394238,0.00323486328125
0.0031713010102976114,0.00323486328125
0.0032619280100334436,0.00323486328125
0.003348097001435235,0.00323486328125
0.0034335399977862835,0.00323486328125
0.003518373006954789,0.00323486328125
0.0036677079915534705,0.00323486328125
0.003832362999673933,0.00323486328125
0.003981640009442344,0.00323486328125
0.0040768519975245,0.00323486328125
0.004169522988377139,0.00323486328125
0.00425519299460575,0.00323486328125
0.004339569015428424,0.00323486328125
0.004422855010489002,0.00323486328125
0.004506308003328741,0.00323486328125
0.00459130501258187,0.00323486328125
0.004674724012147635,0.00323486328125
0.004815204010810703,0.00323486328125
0.004967999004293233,0.00323486328125
0.005119069013744593,0.00323486328125
0.005267442000331357,0.00323486328125
0.005403513991041109,0.00323486328125
0.005558152013691142,0.00323486328125
0.0056993369944393635,0.00323486328125
0.005843219987582415,0.00323486328125
0,0
