delta,ram
0,0.0008871078491210493
0.0001832269990700297,0.0008871078491210493
0.00032456699773319997,0.0008871078491210493
0.00042519199996604584,0.0008871078491210493
0.000515132000145968,0.0008871078491210493
0.0006024719987181015,0.0008871078491210493
0.0006900789994688239,0.0008871078491210493
0.000775486998463748,0.0008794784545897993
0.0008676209981786087,0.0008718490600585493
0.0009534040000289679,0.0013525009155272993
0.0010384880006313324,0.0013525009155272993
0.0011222459979762789,0.0013525009155272993
0.0012164500003564171,0.0013525009155272993
0.001303966997511452,0.0013525009155272993
0.001396088999172207,0.0013525009155272993
0.0014820229989709333,0.0013525009155272993
0.0015653039990866091,0.0013525009155272993
0.0016479249970871024,0.0013525009155272993
0.001731862997985445,0.0013525009155272993
0.0018201519997091964,0.0013525009155272993
0.0019156519992975518,0.0013448715209960493
0.002003223999054171,0.0013372421264647993
0.0020972409984096885,0.0013372421264647993
0.0021807739976793528,0.0013372421264647993
0.0022635209970758297,0.0013372421264647993
0.00234647499746643,0.0013372421264647993
0.002433875997667201,0.0013372421264647993
0.0025180839984386694,0.0018255233764647993
0.0026007439992099535,0.0018255233764647993
0.002684222999960184,0.0020658493041991743
0.002766511999652721,0.0020658493041991743
0.0028562249972310383,0.0020658493041991743
0.002941333998023765,0.0020582199096679243
0.0030245239977375604,0.0020582199096679243
0.003108311997493729,0.0020582199096679243
0.0032213369995588437,0.0020505905151366743
0.003356806999363471,0.0020505905151366743
0.00351062799745705,0.0020505905151366743
0.0036572819990396965,0.0020429611206054243
0.003804567997576669,0.0020429611206054243
0.003973356997448718,0.0020429611206054243
0.004128183998545865,0.0020429611206054243
0.004281023997464217,0.0020429611206054243
0.0044378809980116785,0.0020277023315429243
0.004585260998283047,0.0020277023315429243
0.004738660998555133,0.0020277023315429243
0.005065673998615239,0.0020277023315429243
0.005228371999692172,0.0020277023315429243
0.005386498000007123,0.0020277023315429243
0.005490878000273369,0.0020277023315429243
0.005582131998380646,0.0020277023315429243
0,0
