delta,ram
0,0.0022232055664062056
0.0015623849467374384,0.0027038574218749556
0.0017454989720135927,0.0027038574218749556
0.0018995989812538028,0.0027038574218749556
0.001996924984268844,0.0031921386718749556
0.0020852729794569314,0.0031921386718749556
0.0021737729548476636,0.0031921386718749556
0.0022617029608227313,0.0031921386718749556
0.002350084949284792,0.0031921386718749556
0.0024369009770452976,0.0031921386718749556
0.0025407439679838717,0.0031921386718749556
0.002634463948197663,0.0031921386718749556
0.0027210069820284843,0.0031921386718749556
0.0028154850006103516,0.0031921386718749556
0.00290089996997267,0.0031921386718749556
0.002984223945531994,0.0031921386718749556
0.0030705969547852874,0.0031921386718749556
0.003157445986289531,0.0031921386718749556
0.003244747989811003,0.0031921386718749556
0.003331318963319063,0.0031921386718749556
0.0034152049920521677,0.0031921386718749556
0.0034982599900104105,0.0036804199218749556
0.003584819962270558,0.0036804199218749556
0.00366906396811828,0.0036804199218749556
0.0037527509848587215,0.0036804199218749556
0.0038424499798566103,0.0036804199218749556
0.003929139988031238,0.0036804199218749556
0.004022807988803834,0.0036804199218749556
0.00411060597980395,0.0036727905273437056
0.004195159999653697,0.0036727905273437056
0.004322174994740635,0.0036727905273437056
0.004482982971239835,0.0036727905273437056
0.004583598987665027,0.0036727905273437056
0.004720071970950812,0.0036727905273437056
0.004862788948230445,0.0036727905273437056
0.005021427001338452,0.0036727905273437056
0.005191317992284894,0.0038787841796874556
0.005362500960472971,0.0038787841796874556
0.005510834977030754,0.0038787841796874556
0.00565688096685335,0.0038787841796874556
0.0057803389499895275,0.0038787841796874556
0.005872173991519958,0.0038787841796874556
0.005957279994618148,0.0038787841796874556
0.006044963956810534,0.0038787841796874556
0.0061296389903873205,0.0038787841796874556
0.006213232991285622,0.0038787841796874556
0,0
