delta,ram
0,0.0017440795898437944
0.00024285700055770576,0.0017440795898437944
0.00037562900251941755,0.0017440795898437944
0.00048404100380139425,0.0017440795898437944
0.0005727230018237606,0.0017440795898437944
0.0006597500032512471,0.0017440795898437944
0.0008156820040312596,0.0017440795898437944
0.000924462998227682,0.0017440795898437944
0.001012802000332158,0.0022247314453125444
0.0010971910014632158,0.0022247314453125444
0.0011816309997811913,0.0022247314453125444
0.0012833860018872656,0.0022247314453125444
0.0013698740003746934,0.0022247314453125444
0.001463074004277587,0.0022247314453125444
0.0015477220003958791,0.0022247314453125444
0.0016311470026266761,0.0022247314453125444
0.0017147830003523268,0.0022247314453125444
0.0017977030001929961,0.0022247314453125444
0.0018848289982997812,0.0022247314453125444
0.001969392003957182,0.0022247314453125444
0.00205241100047715,0.0022247314453125444
0.0021351469986257143,0.0022247314453125444
0.0022181439999258146,0.0022247314453125444
0.0023004550021141768,0.0027130126953125444
0.0023890430020401254,0.0027130126953125444
0.0024739250002312474,0.0027130126953125444
0.002558123000198975,0.0027130126953125444
0.0026414579988340847,0.0027130126953125444
0.0027254950036876835,0.0027130126953125444
0.002809256999171339,0.0027130126953125444
0.0028926610029884614,0.0027053833007812944
0.002976226998725906,0.0027053833007812944
0.0030587959990953095,0.0027053833007812944
0.003141590001177974,0.0027053833007812944
0.0032250410004053265,0.0027053833007812944
0.003308111998194363,0.0027053833007812944
0.003405643001315184,0.0027053833007812944
0.0034912640039692633,0.0027053833007812944
0.003574100002879277,0.0027053833007812944
0.003656419001345057,0.0027053833007812944
0.003796370998315979,0.0027053833007812944
0.003949461999582127,0.0027053833007812944
0.004097910001291893,0.0027053833007812944
0.004237925000779796,0.0027053833007812944
0.004564617003779858,0.0027053833007812944
0.0049404230012441985,0.0031440734863281694
0.005118157998367678,0.0031440734863281694
0.005280516998027451,0.0031440734863281694
0.005430457000329625,0.0031440734863281694
0.005573900001763832,0.0031440734863281694
0.005676024004060309,0.0031440734863281694
0.005766161004430614,0.0031440734863281694
0.005853649003256578,0.0031440734863281694
0.005940544004261028,0.0031440734863281694
0.006026925999321975,0.0031440734863281694
0,0
