delta,ram
0,0.003063201904296875
0.00018573600391391665,0.003543853759765625
0.00033444200380472466,0.003543853759765625
0.00042673000280046836,0.003543853759765625
0.0005103200019220822,0.003543853759765625
0.0006007620031596161,0.003543853759765625
0.0006831110003986396,0.003543853759765625
0.0007943290038383566,0.003543853759765625
0.0008778320043347776,0.003543853759765625
0.0009614090013201348,0.003543853759765625
0.001044871998601593,0.003543853759765625
0.001139769003202673,0.003543853759765625
0.0012244610043126158,0.004024505615234375
0.0013077640032861382,0.004024505615234375
0.001390707999235019,0.004024505615234375
0.0014731550036231056,0.004024505615234375
0.0015616239979863167,0.004024505615234375
0.0016448690003016964,0.004024505615234375
0.0017305779983871616,0.004024505615234375
0.0018138150044251233,0.004024505615234375
0.0018963859984069131,0.004024505615234375
0.001978473999770358,0.004024505615234375
0.0020604099991032854,0.004024505615234375
0.002142331999493763,0.004024505615234375
0.0022238599995034747,0.004024505615234375
0.0023089620008249767,0.004024505615234375
0.002391843001532834,0.004024505615234375
0.002472899002896156,0.004024505615234375
0.0025618110012146644,0.004024505615234375
0.002645444001245778,0.004024505615234375
0.002727388004132081,0.004024505615234375
0.002809251003782265,0.004024505615234375
0.002890654999646358,0.004024505615234375
0.002974998998979572,0.004024505615234375
0.0030568430011044256,0.004024505615234375
0.003138309002679307,0.004024505615234375
0.003223384002922103,0.004024505615234375
0.003305776001070626,0.004024505615234375
0.003387559001566842,0.004505157470703125
0.003468718998192344,0.004505157470703125
0.003558880001946818,0.004505157470703125
0.003641559000243433,0.004505157470703125
0.0037259529999573715,0.004505157470703125
0.003807899003732018,0.004505157470703125
0.003889291998348199,0.004505157470703125
0.003970679004851263,0.004505157470703125
0.004051321004226338,0.004505157470703125
0.004132813999603968,0.004505157470703125
0.0042139360011788085,0.004505157470703125
0.004315833997679874,0.004505157470703125
0.00439981200179318,0.004505157470703125
0.004481709001993295,0.004505157470703125
0.0045687759993597865,0.004505157470703125
0.004651397000998259,0.004505157470703125
0.00473304399929475,0.004505157470703125
0.004813881001609843,0.004505157470703125
0.004895228004897945,0.004505157470703125
0.004976782001904212,0.004505157470703125
0.0050581270043039694,0.004505157470703125
0,0
