delta,ram
0,0.0021278381347655806
0.00022232398623600602,0.0021278381347655806
0.0003770519979298115,0.0026084899902343306
0.0004771769745275378,0.0026084899902343306
0.0005690879770554602,0.0026084899902343306
0.0006581049528904259,0.0026084899902343306
0.0007547459681518376,0.0026084899902343306
0.0008476469665765762,0.0026084899902343306
0.0009406199678778648,0.0026084899902343306
0.0010284360032528639,0.0026084899902343306
0.0011209369986318052,0.0026084899902343306
0.0012268419959582388,0.0026084899902343306
0.0013481259811669588,0.0026084899902343306
0.0014896499924361706,0.0030891418457030806
0.0015832639764994383,0.0030891418457030806
0.0016698399558663368,0.0030891418457030806
0.001755047996994108,0.0030891418457030806
0.0018416869570501149,0.0030891418457030806
0.0019334059907123446,0.0030891418457030806
0.0020201109582558274,0.0030891418457030806
0.002106345957145095,0.0030891418457030806
0.0021917339763604105,0.0030891418457030806
0.002277116000186652,0.0030891418457030806
0.002361766993999481,0.0030891418457030806
0.002450561965815723,0.0030891418457030806
0.002544460992794484,0.0030891418457030806
0.002629956987220794,0.0030891418457030806
0.0027142699691466987,0.0030891418457030806
0.0027979479636996984,0.0030891418457030806
0.0028896009898744524,0.0030891418457030806
0.002976340998429805,0.0030891418457030806
0.003063719952479005,0.0030891418457030806
0.0031479159952141345,0.0030891418457030806
0.003240621997974813,0.0030891418457030806
0.003328622959088534,0.0030891418457030806
0.0034132369910366833,0.0030891418457030806
0.003497101948596537,0.0030891418457030806
0.0035808879765681922,0.0030891418457030806
0.003665313997771591,0.0030891418457030806
0.003749085997696966,0.0030891418457030806
0.0038324339548125863,0.0030891418457030806
0.003921470954082906,0.0030891418457030806
0.004016055958345532,0.0030891418457030806
0.00410161999752745,0.0030891418457030806
0.004185893980320543,0.0030891418457030806
0.004269505967386067,0.0030891418457030806
0.004352554969955236,0.0030891418457030806
0.004436952993273735,0.0030891418457030806
0.004526051983702928,0.0035697937011718306
0.004613067954778671,0.0035697937011718306
0,0
