delta,ram
0,0.0012964248657226785
0.0002162040000257548,0.0017770767211914285
0.00036165100027574226,0.0017770767211914285
0.00046491200009768363,0.0017770767211914285
0.0005706979991373373,0.0017770767211914285
0,0
-1,-1
