delta,ram
0,0.00283050537109375
0.00017169999773614109,0.00283050537109375
0.00030659099866170436,0.00283050537109375
0.0004029909978271462,0.00283050537109375
0.0004925399989588186,0.00283050537109375
0.0005801890001748689,0.00283050537109375
0.0006665569999313448,0.00283050537109375
0.0007519680002587847,0.00283050537109375
0.0008363929991901387,0.00283050537109375
0.0009201449975080322,0.00283050537109375
0.0010042119974968955,0.00283050537109375
0.0010981239975080825,0.00283050537109375
0.0011945539990847465,0.00283050537109375
0.0012795789989468176,0.0033111572265625
0.0013648429994645994,0.0033111572265625
0.0014490379980998114,0.0033111572265625
0.0015394279980682768,0.0033111572265625
0.0016248729989456479,0.0033111572265625
0.0017139119991043117,0.0033111572265625
0.0017990679989452474,0.0033111572265625
0.001883123997686198,0.0033111572265625
0.001966738000191981,0.0037994384765625
0.002051534000202082,0.0037994384765625
0.002140847998816753,0.0037994384765625
0.002226143998996122,0.0037994384765625
0.002310056999704102,0.0037994384765625
0.0023942679981701076,0.0037994384765625
0.0024830449983710423,0.0037994384765625
0.002594810997834429,0.0037994384765625
0.0026812039977812674,0.0037994384765625
0.002765904999250779,0.0037994384765625
0.0028586129992618226,0.0037994384765625
0.002992433997860644,0.0037994384765625
0.003151922999677481,0.0037994384765625
0.0032923760008998215,0.0037994384765625
0.003451133998169098,0.0037994384765625
0.00358463099837536,0.0037994384765625
0.0037405679977382533,0.0037994384765625
0.003883910998411011,0.0037994384765625
0,0
