delta,ram
0,0.002494621276855513
0.000263986992649734,0.002975273132324263
0.00041019299533218145,0.002975273132324263
0.0005058230017311871,0.002975273132324263
0.0005937120004091412,0.002975273132324263
0.000679974997183308,0.002975273132324263
0.0007644690049346536,0.002975273132324263
0.0008487819868605584,0.002975273132324263
0.0009327080042567104,0.002975273132324263
0.0010172839974984527,0.002975273132324263
0.0011085479927714914,0.002975273132324263
0.001210224989335984,0.002975273132324263
0.001297777984291315,0.002975273132324263
0.0013820239983033389,0.002975273132324263
0.0014661309833172709,0.002967643737793013
0.0015497499844059348,0.002967643737793013
0.0016335480031557381,0.002967643737793013
0.0017170580103993416,0.002967643737793013
0.001805311010684818,0.002967643737793013
0.0018893739907070994,0.002967643737793013
0.001972717000171542,0.003455924987793013
0.002055691002169624,0.003455924987793013
0.0021456000104080886,0.003455924987793013
0.002230279002105817,0.003455924987793013
0.0023139090044423938,0.003455924987793013
0.0023968770110514015,0.003455924987793013
0.0024815709912218153,0.003455924987793013
0.0025656860088929534,0.003455924987793013
0.0026490009913686663,0.003455924987793013
0.002732333989115432,0.003455924987793013
0.0028156129992567003,0.003455924987793013
0.0028983329830225557,0.003455924987793013
0.0029805189988110214,0.003455924987793013
0.003063115000259131,0.003455924987793013
0.00315118400612846,0.003455924987793013
0.00323476898483932,0.003455924987793013
0.0033615560096222907,0.003688621520996138
0.003480398008832708,0.003688621520996138
0.0035702989844139665,0.003688621520996138
0.0036631859838962555,0.003688621520996138
0.0037475769931916147,0.003688621520996138
0.0038303769833873957,0.003688621520996138
0,0
