delta,ram
0,0.0017431259155273882
0.00017540500266477466,0.0017431259155273882
0.0003085790012846701,0.0017431259155273882
0.000403868001740193,0.0017431259155273882
0.0005224619999353308,0.0017431259155273882
0.000613737000094261,0.0017431259155273882
0.0007006500018178485,0.0017431259155273882
0.0008013820006453898,0.0017431259155273882
0.0008893530030036345,0.0017431259155273882
0.0009747559997776989,0.002223777770996138
0.0010643679997883737,0.002223777770996138
0.0011593850031204056,0.002223777770996138
0.0012533030021586455,0.002223777770996138
0.0013396380018093623,0.002223777770996138
0.0014237790019251406,0.002223777770996138
0.0015063300015754066,0.002223777770996138
0.0015889580026851036,0.002223777770996138
0.001671992002229672,0.002223777770996138
0.001755299002979882,0.002223777770996138
0.001838961001340067,0.002223777770996138
0.0019216720029362477,0.002223777770996138
0.002004638001380954,0.002223777770996138
0.0020944480020261835,0.002223777770996138
0.002179192000767216,0.002216148376464888
0.002261521000036737,0.002216148376464888
0.002344137003092328,0.002216148376464888
0.0024261420003313106,0.002216148376464888
0.0025078960024984553,0.002704429626464888
0.0025900930013449397,0.002704429626464888
0.0026720850000856444,0.002704429626464888
0.0027540160008356906,0.002704429626464888
0.002837686002749251,0.002704429626464888
0.0029209900021669455,0.002704429626464888
0.003004054000484757,0.002704429626464888
0.003092777002166258,0.002704429626464888
0.0031763780025357846,0.002704429626464888
0.003259342000092147,0.002704429626464888
0.0033418290004192386,0.002704429626464888
0.0034659510019992013,0.002704429626464888
0.003619473001890583,0.002704429626464888
0.003782088002481032,0.002704429626464888
0.003939156002161326,0.002704429626464888
0.004102844999579247,0.002704429626464888
0.004267403000994818,0.002704429626464888
0.0044238420014153235,0.002704429626464888
0.004606925002008211,0.003398704528808638
0.004772022002725862,0.003398704528808638
0.004926728001009906,0.003398704528808638
0.005077129000710556,0.003398704528808638
0.0052339120011311024,0.003398704528808638
0.005394417999923462,0.003398704528808638
0.005547660002775956,0.003398704528808638
0.005696829000953585,0.003398704528808638
0.005842444003064884,0.003398704528808638
0.005993423001200426,0.003398704528808638
0,0
