delta,ram
0,0.002635955810546875
0.0002009050003835,0.002635955810546875
0.0003504759988572914,0.003116607666015625
0.00045258099999045953,0.003116607666015625
0.0005475549987750128,0.003116607666015625
0.000638604997220682,0.003116607666015625
0.0007293829985428602,0.003116607666015625
0.0008189170002879109,0.003108978271484375
0.0009091089996218216,0.003108978271484375
0.0009981719995266758,0.003108978271484375
0.0010978949976561125,0.003108978271484375
0.001188659000035841,0.003108978271484375
0.0012978529994143173,0.003108978271484375
0.0013850929972250015,0.003108978271484375
0.0014727439993293956,0.003108978271484375
0.0015592669988109265,0.003108978271484375
0.001643622999836225,0.003108978271484375
0.001728958999592578,0.003108978271484375
0.001813377999496879,0.003108978271484375
0.0018993390003743116,0.003108978271484375
0.0019829329976346344,0.003108978271484375
0.0020669549994636327,0.003108978271484375
0.002151744000002509,0.003108978271484375
0.0022369500002241693,0.003108978271484375
0.0023279579982045107,0.003597259521484375
0.0024139130000548903,0.003597259521484375
0.0024989029989228584,0.003589630126953125
0.0025830439990386367,0.003589630126953125
0.0026676329980546143,0.003589630126953125
0.002756477999355411,0.003589630126953125
0.0028949609986739233,0.003582000732421875
0.003055007997318171,0.003582000732421875
0.0032040749974839855,0.003574371337890625
0.003306776998215355,0.003574371337890625
0.0033945579998544417,0.003566741943359375
0.003479916998912813,0.003566741943359375
0.003598649000196019,0.003566741943359375
0.003760673997021513,0.003566741943359375
0.0038759630006097723,0.003566741943359375
0.003966953998315148,0.003566741943359375
0.00405292899813503,0.003566741943359375
0.004138306998356711,0.003566741943359375
0.004222357998514781,0.003566741943359375
0.004722862999187782,0.003566741943359375
0.005007376999856206,0.003566741943359375
0.005190546999074286,0.003566741943359375
0.005342039999959525,0.003566741943359375
0.005493133998243138,0.003566741943359375
0.005641877000016393,0.004116058349609375
0.005808616999274818,0.004116058349609375
0.005953859999863198,0.004116058349609375
0.006093812000472099,0.004116058349609375
0.006211386997165391,0.004108428955078125
0,0
