delta,ram
0,0.001534652709960893
0.00021163499332033098,0.001534652709960893
0.0003521439793985337,0.001534652709960893
0.0004494449822232127,0.001534652709960893
0.0005407239950727671,0.001534652709960893
0.0006287879950832576,0.002015304565429643
0.0007155959901865572,0.002015304565429643
0.0008016809879336506,0.002015304565429643
0.0008871609752532095,0.002015304565429643
0.0009820509876590222,0.002015304565429643
0.0010682129941415042,0.002015304565429643
0.0011688349768519402,0.002015304565429643
0.0014309969847090542,0.002015304565429643
0.001646574994083494,0.002015304565429643
0.0017493589839432389,0.002015304565429643
0.0018422659777570516,0.002015304565429643
0.001932729996042326,0.002015304565429643
0.002019910985836759,0.002015304565429643
0.0021150499815121293,0.002015304565429643
0.002216645982116461,0.002015304565429643
0.002305131987668574,0.002015304565429643
0.0023891699966043234,0.002015304565429643
0.002472896972903982,0.002015304565429643
0.002557027997681871,0.002015304565429643
0.0027156379946973175,0.002488327026367143
0.002857392973965034,0.002728652954101518
0.0030205559742171317,0.002728652954101518
0.0031890729733277112,0.002728652954101518
0.0033133069809991866,0.002728652954101518
0.0034055289870593697,0.002728652954101518
0.003492354997433722,0.002728652954101518
0.0035780289908871055,0.002728652954101518
0.0036617619916796684,0.002728652954101518
0.0037457409780472517,0.002728652954101518
0.003846526989946142,0.002728652954101518
0.003997844993136823,0.002728652954101518
0.00415385197266005,0.002728652954101518
0.00431889298488386,0.002728652954101518
0.0044737919815815985,0.002728652954101518
0.004624194989446551,0.002728652954101518
0.004773167980602011,0.002728652954101518
0.0049261719977948815,0.002728652954101518
0.005063220974989235,0.002728652954101518
0.005200831976253539,0.002728652954101518
0.005294399976264685,0.002728652954101518
0.005381476978072897,0.002728652954101518
0.0054665379866492,0.002728652954101518
0.005576584982918575,0.002728652954101518
0.005704687995603308,0.002728652954101518
0.005817516997922212,0.002728652954101518
0.005959991976851597,0.002728652954101518
0.006106600980274379,0.002728652954101518
0.006210730993188918,0.002728652954101518
0,0
