delta,ram
0,0.0019989013671875
0.00020539099932648242,0.00247955322265625
0.00035381199995754287,0.00247955322265625
0.00045491300261346623,0.00247955322265625
0.0005558830016525462,0.00247955322265625
0.0006463970021286514,0.00247955322265625
0.0007354890003625769,0.00247955322265625
0.0008241600007750094,0.00247955322265625
0.0009107570003834553,0.00247955322265625
0.0009965330027625896,0.00247955322265625
0.0010820259994943626,0.00247955322265625
0.00117698800022481,0.00247955322265625
0.0012721560015052091,0.00247955322265625
0.001358788002107758,0.00247955322265625
0.0014431160016101785,0.00247955322265625
0.001540444001875585,0.00247955322265625
0.0016274059998977464,0.003021240234375
0.0017106270024669357,0.003021240234375
0.0017939960016519763,0.003021240234375
0.0018774430027406197,0.003021240234375
0.001960673002031399,0.00301361083984375
0.0020450770025490783,0.00301361083984375
0.0021295270016707946,0.00301361083984375
0.0022128529999463353,0.00301361083984375
0.002295952999702422,0.00301361083984375
0.0023806810022506397,0.00301361083984375
0.0024644120021548588,0.00301361083984375
0.0025542590010445565,0.00301361083984375
0.0026380340023024473,0.00301361083984375
0.002721476001170231,0.00301361083984375
0.00280547399961506,0.00359344482421875
0.002889162002247758,0.00359344482421875
0.0029718130026594736,0.00359344482421875
0.0030557740028598346,0.00359344482421875
0.003140266999253072,0.00359344482421875
0.0032231380027951673,0.00359344482421875
0.0033111699995060917,0.00359344482421875
0.003396221000002697,0.00359344482421875
0.003479316001175903,0.00359344482421875
0.0035676270017575007,0.00359344482421875
0.003651815000921488,0.00359344482421875
0.0037359330017352477,0.00359344482421875
0.0038245620016823523,0.00359344482421875
0.003960170000937069,0.003662109375
0.004073207001056289,0.00362396240234375
0.00416091800070717,0.00359344482421875
0.004246247000992298,0.00359344482421875
0.00438791700071306,0.00359344482421875
0.00456504700196092,0.00359344482421875
0.004719352000392973,0.00359344482421875
0.0048749210000096355,0.00359344482421875
0.005023112000344554,0.00359344482421875
0.005166806000488577,0.00359344482421875
0.005318793002516031,0.00359344482421875
0.005464910002046963,0.00359344482421875
0.005617550999886589,0.00359344482421875
0,0
