delta,ram
0,0.002311897277831987
0.00017485799980931915,0.002311897277831987
0.0003326229998492636,0.002544593811035112
0.0004296890001569409,0.002544593811035112
0.0005186960006540176,0.002544593811035112
0.000606186000368325,0.002536964416503862
0.0006916079983056989,0.002529335021972612
0.0007755049991828855,0.002529335021972612
0.0008664150009281002,0.002529335021972612
0.000952598998992471,0.002529335021972612
0.0010475159979250748,0.002529335021972612
0.0011435220003477298,0.002514076232910112
0.0012355779981589876,0.002514076232910112
0.0013207189986133017,0.002506446838378862
0.0014037689979886636,0.002506446838378862
0.0014882989999023266,0.003227424621581987
0.0015708959981566295,0.003227424621581987
0.001653315997828031,0.003219795227050737
0.0017361479985993356,0.003219795227050737
0.0018187059977208264,0.003219795227050737
0.0019077239994658157,0.003219795227050737
0.0019919529986509588,0.003219795227050737
0.002074870997603284,0.003219795227050737
0.0021574710008280817,0.003219795227050737
0.0022443359994213097,0.003212165832519487
0.0023283129994524643,0.003212165832519487
0.0024116050008160528,0.003212165832519487
0.002496295997843845,0.003212165832519487
0.0025792279993765987,0.003212165832519487
0.002661847000126727,0.003212165832519487
0.002750912997726118,0.003204536437988237
0.0029092049990140367,0.003204536437988237
0.003064684999117162,0.003204536437988237
0.003219605998310726,0.003204536437988237
0.0033735110009729397,0.003204536437988237
0.0035350619982637,0.003204536437988237
0.003686742998979753,0.003204536437988237
0.0038416089992097113,0.003204536437988237
0.004026013000839157,0.003204536437988237
0.004146614999626763,0.003204536437988237
0.004314669000450522,0.003669929504394487
0.004469177998544183,0.003669929504394487
0.004566142997646239,0.003669929504394487
0,0
