delta,ram
0,0.00224571228027326
0.00016980500004137866,0.00224571228027326
0.00029589100086013786,0.00272636413574201
0.0003925950004486367,0.00272636413574201
0.000488512003357755,0.00272636413574201
0.00058616800015443,0.00272636413574201
0.0006763890014553908,0.00272636413574201
0.000764611002523452,0.00272636413574201
0.0008503540011588484,0.00272636413574201
0.0009375130030093715,0.00272636413574201
0.0010237490023428109,0.00272636413574201
0.001119035001465818,0.00272636413574201
0.0012189380031486508,0.00272636413574201
0.0013226730006863363,0.00272636413574201
0.0014071590012463275,0.00272636413574201
0.00149136900290614,0.00272636413574201
0.001580404001288116,0.00272636413574201
0.0016656780026096385,0.00272636413574201
0.001749702001689002,0.00272636413574201
0.001832901001762366,0.00272636413574201
0.0019165840021742042,0.00272636413574201
0.001999832002184121,0.00272636413574201
0.0020833070011576638,0.00272636413574201
0.0021673210030712653,0.00272636413574201
0.0022510480011987966,0.00272636413574201
0.0023342550011875574,0.00272636413574201
0.002437380000628764,0.00272636413574201
0.0025244490025215782,0.00272636413574201
0.002615322002384346,0.00272636413574201
0.0027440580015536398,0.00272636413574201
0.0029046610034129117,0.00272636413574201
0.0030175749998306856,0.00272636413574201
0.0031701240004622377,0.00272636413574201
0.003291627002909081,0.00272636413574201
0.0033803090009314474,0.00272636413574201
0.0034657440010050777,0.00272636413574201
0.003557695003109984,0.00272636413574201
0.003642768002464436,0.00272636413574201
0.003736732000106713,0.00272636413574201
0.0038599430008616764,0.00272636413574201
0.004027345999929821,0.00272636413574201
0.00419718000193825,0.00321464538574201
0.0043578810000326484,0.00321464538574201
0.004512246003287146,0.00321464538574201
0.004672828999900958,0.00321464538574201
0.004827804001251934,0.00321464538574201
0.004964947002008557,0.00320701599121076
0.005098898000142071,0.00320701599121076
0.005233614003373077,0.00320701599121076
0.0053871500022069085,0.00320701599121076
0.005545058000279823,0.00320701599121076
0.005695818003005115,0.00320701599121076
0.005844698000146309,0.00320701599121076
0.005974516003334429,0.00320701599121076
0,0
