delta,ram
0,0.0024982452392577903
0.0002162469900213182,0.0029788970947265403
0.00035561100230552256,0.0029788970947265403
0.0004518950008787215,0.0029788970947265403
0.0005424119881354272,0.0029788970947265403
0.0006299109954852611,0.0029788970947265403
0.0007166199793573469,0.0029788970947265403
0.0008016179781407118,0.0029788970947265403
0.00089474898413755,0.0029788970947265403
0.0009814699878916144,0.0029788970947265403
0.0010669420007616282,0.0029788970947265403
0.0011684350029099733,0.0029788970947265403
0.0012549499806482345,0.0029788970947265403
0.0013398650044109672,0.0029788970947265403
0.001423652982339263,0.0029788970947265403
0.0015082049940247089,0.0029788970947265403
0.0015917120035737753,0.0029788970947265403
0.0016772770031820983,0.0029788970947265403
0.0017648649809416384,0.0029788970947265403
0.0018495399854145944,0.0029788970947265403
0.0019397369760554284,0.0034595489501952903
0.0020226649940013885,0.0034519195556640403
0.00210647500352934,0.0034519195556640403
0.002189828985137865,0.0034519195556640403
0.0022727149771526456,0.0034519195556640403
0.002356023993343115,0.0034519195556640403
0.0024396569933742285,0.0034519195556640403
0.002523925999412313,0.0034519195556640403
0.002606725989608094,0.0034519195556640403
0.0026897589850705117,0.0034519195556640403
0.0027726999833248556,0.0034519195556640403
0.002883869979996234,0.0034519195556640403
0.0029707889771088958,0.0034519195556640403
0.0030538749997504056,0.0034519195556640403
0.0031369490025099367,0.0034519195556640403
0.0032195989915635437,0.0034519195556640403
0.003302036988316104,0.0034519195556640403
0.0033862369891721755,0.0034519195556640403
0.003478837985312566,0.0034519195556640403
0.003631728992331773,0.0034519195556640403
0.0037863850011490285,0.0034519195556640403
0.0039466460002586246,0.0034519195556640403
0.004085274995304644,0.0034519195556640403
0.004235942993545905,0.0036922454833984153
0,0
