delta,ram
0,0.002228927612304643
0.00019574299949454144,0.002228927612304643
0.0003328040002088528,0.002709579467773393
0.0004354619995865505,0.002709579467773393
0.0005773869997938164,0.002709579467773393
0.0006743970006937161,0.002709579467773393
0.0007649100007256493,0.002709579467773393
0.0008530830018571578,0.002709579467773393
0.0009406569988641422,0.002709579467773393
0.001032254000165267,0.002709579467773393
0.001118693999160314,0.002709579467773393
0.0012140479993831832,0.002709579467773393
0.0013077139992674347,0.002709579467773393
0.0013935970018792432,0.002709579467773393
0.001483742002164945,0.002709579467773393
0.001569348001794424,0.002709579467773393
0.001654028001212282,0.002709579467773393
0.0017376710020471364,0.002709579467773393
0.0018214939991594292,0.003190231323242143
0.002002272001845995,0.003190231323242143
0.00215227399894502,0.003190231323242143
0.002326383000763599,0.003190231323242143
0.002472869000484934,0.003190231323242143
0.0025658539998403285,0.003190231323242143
0.0026519950006331783,0.003190231323242143
0.002735617999860551,0.003190231323242143
0.002825307001330657,0.003190231323242143
0.0029096020007273182,0.003190231323242143
0.002993221001815982,0.003190231323242143
0.0030767489988647867,0.003190231323242143
0.0031601340015185997,0.003190231323242143
0.003248046999942744,0.003190231323242143
0.003332622000016272,0.003190231323242143
0.003416130999539746,0.003190231323242143
0.0035059860019828193,0.003190231323242143
0.003615433000959456,0.003190231323242143
0.0037265630016918294,0.003190231323242143
0.003814855001110118,0.003190231323242143
0.003901293999660993,0.003190231323242143
0.004050489002111135,0.003190231323242143
0.004203882999718189,0.003190231323242143
0.0043438840002636425,0.003190231323242143
0.0044513300017570145,0.003190231323242143
0.004550654000922805,0.003190231323242143
0.004674436000641435,0.003190231323242143
0.004791123999893898,0.003190231323242143
0.005156358001840999,0.003190231323242143
0.005719050001061987,0.003190231323242143
0.005991408001136733,0.003190231323242143
0.006153000002086628,0.003190231323242143
0,0
