delta,ram
0,0.0025402069091797763
0.00019535899991751648,0.0025402069091797763
0.00032796799860079773,0.0025402069091797763
0.0004345399975136388,0.0025402069091797763
0.0005254959978628904,0.0030208587646485263
0.0006133899987617042,0.0030208587646485263
0.0007009900000412017,0.0030208587646485263
0.0007868409993534442,0.0030208587646485263
0.000873783999850275,0.0030208587646485263
0.0009594139992259443,0.0030208587646485263
0.0010442029997648206,0.0030208587646485263
0.0011392369997338392,0.0030208587646485263
0.0012652929981413763,0.0030208587646485263
0.0013562530002673157,0.0030208587646485263
0.0014471139984379988,0.0030208587646485263
0.0015325439999287482,0.0030208587646485263
0.001616935998754343,0.0030208587646485263
0.001706765000562882,0.0030208587646485263
0.001792717997886939,0.0030208587646485263
0.0018776369979605079,0.0030208587646485263
0.0019614599987107795,0.0030208587646485263
0.0020451479977054987,0.0030208587646485263
0.0021286669980327133,0.0030208587646485263
0.0022118529996077996,0.0030208587646485263
0.002295834998221835,0.0035091400146485263
0.002384604998951545,0.0035091400146485263
0.0024738760002946947,0.0035091400146485263
0.00255916499736486,0.0035091400146485263
0.002642478000780102,0.0035091400146485263
0.00272675199812511,0.0035091400146485263
0.0028101219977543224,0.0035091400146485263
0.0028930449989275075,0.0035091400146485263
0.0029750689973297995,0.0035091400146485263
0.003057826997974189,0.0035091400146485263
0.003140647997497581,0.0035091400146485263
0.003235156000300776,0.0035091400146485263
0.0033208700006071012,0.0035091400146485263
0.0034091009983967524,0.0035091400146485263
0.003493926997180097,0.0035091400146485263
0.003577228999347426,0.0035091400146485263
0.003664891999505926,0.0035091400146485263
0.0037486179971892852,0.0035091400146485263
0.0038322349973896053,0.0035091400146485263
0.0039158449981187005,0.0035091400146485263
0.0039995769984670915,0.0035091400146485263
0.004083293999428861,0.0035091400146485263
0.004167081999185029,0.0035091400146485263
0.004250699999829521,0.0035091400146485263
0.004531430000497494,0.0035091400146485263
0.00476429099944653,0.0035091400146485263
0.0049355849987477995,0.0032611846923829013
0.005104781997943064,0.0032611846923829013
0.005290013999911025,0.0032535552978516513
0.005606192997220205,0.0034862518310547763
0.005832556998939253,0.0034862518310547763
0.005996750998747302,0.0034862518310547763
0,0
