delta,ram
0,0.002247047424316362
0.00018100699890055694,0.002247047424316362
0.00032030600050347857,0.002247047424316362
0.00042068399852723815,0.002247047424316362
0.0005472679986269213,0.002727699279785112
0.0006434300012188032,0.002727699279785112
0.0007332349996431731,0.002727699279785112
0.0008252750012616161,0.002727699279785112
0.0009133889980148524,0.002727699279785112
0.0010007470009441022,0.002727699279785112
0.001093604998459341,0.002727699279785112
0.0011884550003742334,0.002727699279785112
0.0012854419983341359,0.002727699279785112
0.0013718650006921962,0.002727699279785112
0.0014555890011251904,0.002727699279785112
0.0015393089997814968,0.002727699279785112
0.001622505998966517,0.002727699279785112
0.001706048999039922,0.002727699279785112
0.0017896040008054115,0.002727699279785112
0.001872860000730725,0.003215980529785112
0.001960056000825716,0.003215980529785112
0.002055722001387039,0.003215980529785112
0.0021407120002550073,0.003215980529785112
0.0022240520011109766,0.003215980529785112
0.002306825997948181,0.003215980529785112
0.002389709999988554,0.003215980529785112
0.0024723659989831503,0.003215980529785112
0.002555769999162294,0.003215980529785112
0.0026399870002933312,0.003215980529785112
0.0027222509997955058,0.003215980529785112
0.0028053559981344733,0.003215980529785112
0.002892459000577219,0.003215980529785112
0.0029752170012216084,0.003215980529785112
0.003063877000386128,0.003215980529785112
0.003198754999175435,0.003215980529785112
0.003561053999874275,0.003215980529785112
0.003761709998798324,0.003215980529785112
0.003925197997887153,0.003215980529785112
0.004062306998093845,0.003215980529785112
0.004224866999720689,0.003215980529785112
0.004332877000706503,0.003215980529785112
0.004474568999285111,0.003215980529785112
0.004646852998121176,0.003215980529785112
0.004800597998837475,0.003215980529785112
0.004954058000294026,0.003215980529785112
0.005069621998700313,0.003215980529785112
0.005175640999368625,0.003215980529785112
0,0
