delta,ram
0,0.0026834487915039507
0.00015249299758579582,0.0026834487915039507
0.0002823799950419925,0.0026834487915039507
0.0003731969991349615,0.0026834487915039507
0.0004579269952955656,0.0026834487915039507
0.0005408439974416979,0.0026834487915039507
0.0006221909934538417,0.0026834487915039507
0.000708760999259539,0.0026834487915039507
0.0007910909989732318,0.0026834487915039507
0.0008800489958957769,0.0031717300415039507
0.0009618729964131489,0.0031717300415039507
0.0010524789977353066,0.0031717300415039507
0.001134904996433761,0.0031717300415039507
0.0012339780005277134,0.0031717300415039507
0.0013172420003684238,0.0031717300415039507
0.0014033490006113425,0.0031717300415039507
0.0014867559948470443,0.0031717300415039507
0.0015696269983891398,0.0031717300415039507
0.0016550919972360134,0.0031717300415039507
0.0017436889975215308,0.0036523818969727007
0.001826760999392718,0.0036523818969727007
0.0019164490004186518,0.0036523818969727007
0.0019994399990537204,0.0036447525024414507
0.0020816350006498396,0.0036447525024414507
0.002164065997931175,0.0036447525024414507
0.002246645999548491,0.0036447525024414507
0.0023291809993679635,0.0036447525024414507
0.002411563000350725,0.0036447525024414507
0.0024944779943325557,0.004133033752441451
0.0026327069936087355,0.004110145568847701
0.0027853859937749803,0.004110145568847701
0.0029308789962669834,0.004110145568847701
0.0030745259937248193,0.004110145568847701
0.003231499998946674,0.004110145568847701
0.003381625996553339,0.004110145568847701
0.0035332089973962866,0.004110145568847701
0.00368316299864091,0.004110145568847701
0.003833744995063171,0.004110145568847701
0.00399189399468014,0.004110145568847701
0.004141870995226782,0.004110145568847701
0.0042933719960274175,0.004110145568847701
0.00444160799816018,0.004110145568847701
0.004591705997881945,0.004110145568847701
0.004742846998851746,0.004110145568847701
0.00489800200011814,0.004110145568847701
0.0050474679956096224,0.004110145568847701
0.005207805996178649,0.004110145568847701
0.005362340998544823,0.004110145568847701
0.005504166998434812,0.004102516174316451
0.005650317994877696,0.004102516174316451
0.005803959000331815,0.004102516174316451
0.005946694000158459,0.004102516174316451
0.00609263899968937,0.004102516174316451
0.00624208999943221,0.004102516174316451
0.006390764996467624,0.004102516174316451
0.006532821993459947,0.004102516174316451
0,0
