delta,ram
0,0.0024871826171875
0.00018933699902845547,0.0024871826171875
0.000334435000695521,0.00296783447265625
0.0004327970018493943,0.00296783447265625
0.0005219880004005972,0.00296783447265625
0,0
-1,-1
