delta,ram
0,0.0027521133422849786
0.00016813299953355454,0.0027521133422849786
0.0002996700022777077,0.0027521133422849786
0.00039734100209898315,0.0032327651977537286
0.0004887239992967807,0.0032327651977537286
0.0005780970022897236,0.0032327651977537286
0.0006742810001014732,0.0032327651977537286
0.0007624850004503969,0.0032327651977537286
0.0008488800012855791,0.0032327651977537286
0.0009365670011902694,0.0032327651977537286
0.001021038002363639,0.0032327651977537286
0.0011128869991807733,0.0032327651977537286
0.0012080000014975667,0.0032327651977537286
0.0012951220014656428,0.0032327651977537286
0.0013805439994030166,0.0032327651977537286
0.0014669039992440958,0.0032327651977537286
0.0015523920010309666,0.0032327651977537286
0.0016449319991806988,0.0032327651977537286
0.001732087999698706,0.0037134170532224786
0.0018193140022049192,0.0037134170532224786
0.0019064760017499793,0.0037134170532224786
0.001992781002627453,0.0037134170532224786
0.002079785001114942,0.0037134170532224786
0.0021654949996445794,0.0037134170532224786
0.002249954002763843,0.0037134170532224786
0.002335110999410972,0.0037134170532224786
0.002419835000182502,0.0037134170532224786
0.002564836999226827,0.003938484191894354
0.002688561002287315,0.003988075256347479
0.0027779289994214196,0.003988075256347479
0.002864188001694856,0.003988075256347479
0.0029500939999707043,0.003988075256347479
0.0030533000026480295,0.003988075256347479
0.003214387001207797,0.003988075256347479
0.0033785020023060497,0.004220771789550604
0.003512937000778038,0.004220771789550604
0.0036893360011163168,0.004220771789550604
0.00379520800197497,0.004220771789550604
0.0038911600022402126,0.004220771789550604
0.003978493001341121,0.004220771789550604
0.004064573000505334,0.004220771789550604
0.004154549002123531,0.004220771789550604
0.004298846000892809,0.004220771789550604
0.004446088001714088,0.004220771789550604
0.004588470001181122,0.004220771789550604
0.004705710001871921,0.004220771789550604
0.004795422999450238,0.004220771789550604
0.0048821090022102,0.004220771789550604
0.004972727001586463,0.004220771789550604
0.005059289000200806,0.004220771789550604
0,0
