delta,ram
0,0.0030229568481445757
0.000295706995530054,0.0030229568481445757
0.0004381899780128151,0.0035036087036133257
0.0005358679918572307,0.0035036087036133257
0.0006265139963943511,0.0035036087036133257
0.000714158988557756,0.0035036087036133257
0.000801340996986255,0.0035036087036133257
0.0008970979833975434,0.0035036087036133257
0.0009829439804889262,0.0035036087036133257
0.0010688479815144092,0.0035036087036133257
0.0011546729947440326,0.0035036087036133257
0.0012575379805639386,0.0035036087036133257
0.0013455099833663553,0.0035036087036133257
0.001431698998203501,0.0035036087036133257
0.0015170940023381263,0.0035036087036133257
0.0016029309772420675,0.0035036087036133257
0.0016881999908946455,0.0035036087036133257
0.001772761985193938,0.0035036087036133257
0.0018709939904510975,0.003984260559082076
0.001958275999641046,0.003984260559082076
0.0020439109939616174,0.003984260559082076
0.002128433989128098,0.003984260559082076
0.0022436599829234183,0.003984260559082076
0.0023313599813263863,0.003984260559082076
0.0024157799780368805,0.003984260559082076
0.0025009200035128742,0.003984260559082076
0.002586090995464474,0.003984260559082076
0.002671361988177523,0.003984260559082076
0.0027916510007344186,0.003984260559082076
0.0029726149805355817,0.003984260559082076
0.0030782959947828203,0.003984260559082076
0.003166857990436256,0.003984260559082076
0.0032527970033697784,0.003984260559082076
0.0033385589777026325,0.003984260559082076
0.003425175993470475,0.003984260559082076
0.0035103849950246513,0.003984260559082076
0.0035956139909103513,0.003984260559082076
0.0036805529962293804,0.003984260559082076
0.0037659060035366565,0.004472541809082076
0.00385885700234212,0.004472541809082076
0.003944900003261864,0.004472541809082076
0.0040792849904391915,0.004472541809082076
0.0042158939759247005,0.004472541809082076
0.004363212996395305,0.004472541809082076
0.004511821985943243,0.004472541809082076
0.004648233996704221,0.004472541809082076
0.004758073977427557,0.004472541809082076
0.004861486988374963,0.004472541809082076
0.0049501619942020625,0.004472541809082076
0.005045768979471177,0.004472541809082076
0.00519925297703594,0.004472541809082076
0.005324230995029211,0.004472541809082076
0.005415245977928862,0.004472541809082076
0.0055012269876897335,0.004472541809082076
0,0
