delta,ram
0,0.001026153564453125
0.0002854340127669275,0.001506805419921875
0.0004944280080962926,0.001506805419921875
0.0006216780166141689,0.001506805419921875
0.000745703000575304,0.001506805419921875
0.0008808980055619031,0.001506805419921875
0.0009946950012817979,0.001506805419921875
0.0011186280171386898,0.001506805419921875
0.0012321390095166862,0.001987457275390625
0.001340187998721376,0.001987457275390625
0.001530563022242859,0.001987457275390625
0.0016774240066297352,0.001987457275390625
0.0018080210138577968,0.001987457275390625
0.001956490013981238,0.001987457275390625
0.0020759530016221106,0.001987457275390625
0.002187442994909361,0.001987457275390625
0.0023096479999367148,0.001987457275390625
0.0024185010115616024,0.001987457275390625
0.002569421019870788,0.002468109130859375
0.0026916040224023163,0.002468109130859375
0.00282057499862276,0.002468109130859375
0.002946032996987924,0.002468109130859375
0.0031153479940257967,0.002468109130859375
0.003231392998714,0.002468109130859375
0.0033557840215507895,0.002468109130859375
0.0034816980187315494,0.002468109130859375
0.003594498004531488,0.002468109130859375
0.0037105680094100535,0.002468109130859375
0.003833093011053279,0.002468109130859375
0.003950609010644257,0.002468109130859375
0.004057465004734695,0.002468109130859375
0.004168504005065188,0.002468109130859375
0.004268635995686054,0.002468109130859375
0.004387170018162578,0.002948760986328125
0.0045147430209908634,0.002948760986328125
0.004618225997546688,0.002948760986328125
0.004747041006339714,0.002948760986328125
0.004870370001299307,0.002948760986328125
0.005002193007385358,0.002948760986328125
0.005118029017467052,0.002948760986328125
0.0052283120166976005,0.002948760986328125
0.005354392022127286,0.002948760986328125
0.005485292000230402,0.002948760986328125
0.005603448022156954,0.002948760986328125
0.005713663005735725,0.002948760986328125
0.005827112996485084,0.002948760986328125
0.0059518920024856925,0.002948760986328125
0.006093532021623105,0.002948760986328125
0.006207936006831005,0.002948760986328125
0.006303516012849286,0.003429412841796875
0.006427336018532515,0.003429412841796875
0.006533667998155579,0.003429412841796875
0.0066559319966472685,0.003429412841796875
0.006767982005840167,0.003429412841796875
0.006885770009830594,0.003429412841796875
0.007005976018263027,0.003429412841796875
0.007116897002561018,0.003429412841796875
0.007229834998724982,0.003429412841796875
0,0
