delta,ram
0,0.002533149719238237
0.0001823740003601415,0.002533149719238237
0.00031769999986863695,0.003013801574706987
0.00041162700017594034,0.003013801574706987
0.0004987680003978312,0.003013801574706987
0.0005826369997521397,0.003006172180175737
0.0006643619999522343,0.003006172180175737
0.0007458330001099966,0.003006172180175737
0.000826282000161882,0.003006172180175737
0.0009065840004041092,0.003006172180175737
0.0009863980003501638,0.003006172180175737
0.0010785619997477625,0.003006172180175737
0.0011617290001595393,0.003006172180175737
0.0012761899997713044,0.003242683410644487
0.0013940260005256278,0.003242683410644487
0.0015728939997643465,0.003730964660644487
0.0016742260004320997,0.003730964660644487
0.0017632660001254408,0.003730964660644487
0.0018561510005383752,0.003730964660644487
0.0019437609998931293,0.003730964660644487
0.002032716000030632,0.003730964660644487
0.0021195079998506117,0.003730964660644487
0.0022118550004961435,0.003730964660644487
0.0023212759997477406,0.003730964660644487
0.0024620419999337173,0.003730964660644487
0.002616085000227031,0.003730964660644487
0.0027943590002905694,0.003730964660644487
0.0029571410004791687,0.003730964660644487
0.003116249999948195,0.003730964660644487
0.0032832080005391617,0.003730964660644487
0.0034412060003887746,0.003730964660644487
0.003597738000280515,0.003730964660644487
0.003753685000447149,0.003730964660644487
0.003908566000063729,0.003730964660644487
0.004064533000018855,0.003730964660644487
0.00421807299971988,0.003730964660644487
0.0043791730004159035,0.003730964660644487
0.004534165000222856,0.003730964660644487
0.004687235999881523,0.003730964660644487
0.004842606999773125,0.003730964660644487
0.004998580000574293,0.003730964660644487
0.005151969000507961,0.003730964660644487
0.005344844000319426,0.003944587707519487
0.005509481999979471,0.003944587707519487
0.00566286899993429,0.003944587707519487
0.005817035000291071,0.003944587707519487
0.00597238299997116,0.003944587707519487
0.006125968000560533,0.003944587707519487
0.0062867429996913415,0.003944587707519487
0.006440764999751991,0.003944587707519487
0.006593115000214311,0.003944587707519487
0.006737345000146888,0.004184913635253862
0.006857856000351603,0.004184913635253862
0.0069508120004684315,0.004184913635253862
0.00703777499984426,0.004184913635253862
0.007123653000235208,0.004184913635253862
0,0
