delta,ram
0,0.001405143737792991
0.00018792800074152183,0.001885795593261741
0.000347553999745287,0.001885795593261741
0.0004464699995878618,0.001885795593261741
0.0005373210005927831,0.001885795593261741
0.0006272299997363007,0.001885795593261741
0,0
-1,-1
