delta,ram
0,0.002241706848144509
0.0002351829898543656,0.002241706848144509
0.0003791149938479066,0.002241706848144509
0.0004824379866477102,0.002241706848144509
0.0007329059881158173,0.002722358703613259
0.0008530359773430973,0.002722358703613259
0.0009480319858994335,0.002722358703613259
0.0011354809976182878,0.002722358703613259
0.001286781975068152,0.002722358703613259
0.0013930949789937586,0.002722358703613259
0.0015990629908628762,0.002722358703613259
0.0017582159780431539,0.002722358703613259
0.0018947169883176684,0.002722358703613259
0.0019914659787900746,0.002722358703613259
0.0020813449809793383,0.003210639953613259
0.002168417995562777,0.003210639953613259
0.0022665089927613735,0.003210639953613259
0.0023540749971289188,0.003210639953613259
0.0024507159832865,0.003210639953613259
0.0025513319997116923,0.003210639953613259
0.002637503988808021,0.003210639953613259
0.002722851000726223,0.003210639953613259
0.002807659999234602,0.003210639953613259
0.0028947259997949004,0.003210639953613259
0.002981038996949792,0.003210639953613259
0.0030658379837404937,0.003210639953613259
0.0031502310012001544,0.003210639953613259
0.0032348429958801717,0.003210639953613259
0.0033274719899054617,0.003210639953613259
0.0034152149746660143,0.003210639953613259
0.003501279978081584,0.003210639953613259
0.0035877379996236414,0.003210639953613259
0.003681837988551706,0.003210639953613259
0.0039845269930083305,0.003210639953613259
0.0041456519975326955,0.003210639953613259
0.0043013159884139895,0.003210639953613259
0.004453928995644674,0.003210639953613259
0.004609023977536708,0.003210639953613259
0.004705014987848699,0.003210639953613259
0.004835846979403868,0.003210639953613259
0.004986634972738102,0.003210639953613259
0.005132867983775213,0.003210639953613259
0,0
