delta,ram
0,0.001163482666015625
0.00019203599731554277,0.001163482666015625
0.0003224559986847453,0.001163482666015625
0.00041814100040937774,0.001644134521484375
0.0005060959992988501,0.001644134521484375
0.000592577998759225,0.001644134521484375
0.000683250000292901,0.001644134521484375
0.0007683779986109585,0.001644134521484375
0.0008553240004403051,0.001644134521484375
0.0009393410000484437,0.001644134521484375
0.0010293300001649186,0.001644134521484375
0.0011220790001971181,0.001644134521484375
0.0012088589974155184,0.001644134521484375
0.0012915900006191805,0.001644134521484375
0.00137408999944455,0.001644134521484375
0.001480584000091767,0.001644134521484375
0.00163455499932752,0.001644134521484375
0.00177604800046538,0.001644134521484375
0.0018692859994189348,0.002162933349609375
0.0019534559978637844,0.002162933349609375
0.0020429469986993354,0.002162933349609375
0.0021277460000419524,0.002162933349609375
0.0022111739999672864,0.002162933349609375
0.002294581998285139,0.002162933349609375
0.002377322998654563,0.002162933349609375
0.0024597099982202053,0.002162933349609375
0.002576316997874528,0.002162933349609375
0.0027113279975310434,0.002162933349609375
0.0028237149999768008,0.002162933349609375
0.002958460998343071,0.002162933349609375
0.0030614530005550478,0.002162933349609375
0.003198784997948678,0.002162933349609375
0.0033421449988964014,0.002162933349609375
0.003469560997473309,0.002162933349609375
0.0036127439998381305,0.002162933349609375
0.003737143997568637,0.002162933349609375
0.003829453999060206,0.002162933349609375
0.003914043998520356,0.002162933349609375
0.003997029998572543,0.002162933349609375
0,0
