delta,ram
0,0.0027132034301757812
0.0001620050024939701,0.0027132034301757812
0.0002915540026151575,0.0027132034301757812
0.00038608400063822046,0.0027132034301757812
0.0004749610016006045,0.0027132034301757812
0.0005944340009591542,0.0031938552856445312
0.0006840130008640699,0.0031938552856445312
0.0007776730017212685,0.0031938552856445312
0.0008627500028524082,0.0031938552856445312
0.000945274001423968,0.0031938552856445312
0.0010279090020048898,0.0031938552856445312
0.0011192530000698753,0.0031938552856445312
0.0012069380027242005,0.0031938552856445312
0.0012895720028609503,0.0031938552856445312
0.0013719590024265926,0.0031938552856445312
0.0014540530028170906,0.0031938552856445312
0.0015358279997599311,0.0031938552856445312
0.0016177569996216334,0.0031938552856445312
0.0016998540013446473,0.0031938552856445312
0.0017884210028569214,0.0031938552856445312
0.0018717990024015307,0.0031938552856445312
0.001954720999492565,0.0031938552856445312
0.002036936002696166,0.0031938552856445312
0.002118792999681318,0.0031938552856445312
0.0022005220016581006,0.0031938552856445312
0.002282671001012204,0.0036745071411132812
0.002364702999329893,0.0036745071411132812
0.0024465919996146113,0.0036745071411132812
0.0025283409995608963,0.0036745071411132812
0.002610172999993665,0.0036745071411132812
0.0026919040028587915,0.0036745071411132812
0.0027791450011136476,0.0036745071411132812
0.0028620470002351794,0.0036745071411132812
0.002944840001873672,0.0036745071411132812
0.0030277639998530503,0.0036745071411132812
0.003110361001745332,0.0036745071411132812
0.0031927330019243527,0.0036745071411132812
0,0
