delta,ram
0,0.0020019531249999556
0.0001981989771593362,0.0024826049804687056
0.00034362199949100614,0.0024826049804687056
0.0004375319986138493,0.0024826049804687056
0.0005251799884717911,0.0024826049804687056
0.0006114959833212197,0.0029632568359374556
0.0006961670005694032,0.0029632568359374556
0.000779361987952143,0.0029632568359374556
0.0008737889875192195,0.0029632568359374556
0.0009591989801265299,0.0029632568359374556
0.0010429109970573336,0.0029632568359374556
0.0011354890011716634,0.0029632568359374556
0.0012293019972275943,0.0029632568359374556
0.0013135809858795255,0.0029632568359374556
0.001396610983647406,0.0029632568359374556
0.0014800989883951843,0.0029632568359374556
0.0015632089925929904,0.0029632568359374556
0.001645536976866424,0.0034439086914062056
0.001756462996127084,0.0034439086914062056
0.00184173698653467,0.0034439086914062056
0.0019250939949415624,0.0034439086914062056
0.002008686977205798,0.0034439086914062056
0.002092306996928528,0.0034439086914062056
0.0021750699961557984,0.0034439086914062056
0.0022634999768342823,0.0034439086914062056
0.002347228000871837,0.0034439086914062056
0.0024299299984704703,0.0034439086914062056
0.0025135409960057586,0.0034439086914062056
0.002596559002995491,0.0034439086914062056
0.0026788910035975277,0.0034439086914062056
0.0027621539775282145,0.0034439086914062056
0.002845732989953831,0.0034439086914062056
0.002929001988377422,0.0034439086914062056
0.0030118849826976657,0.0034439086914062056
0.0030944779864512384,0.0034439086914062056
0.0031765319872647524,0.0034439086914062056
0.003264910978032276,0.0034439086914062056
0,0
