delta,ram
0,0.0038026809692381924
0.00019498400070006028,0.004283332824706942
0.0003397069995116908,0.004283332824706942
0.0004388800007291138,0.004283332824706942
0.0005283690006763209,0.004283332824706942
0.0006162999998196028,0.004283332824706942
0.0007028990003163926,0.004283332824706942
0.0007991570018930361,0.004283332824706942
0.0008860689995344728,0.004283332824706942
0.0009708870020403992,0.004283332824706942
0.0010565330012468621,0.004283332824706942
0.0011555109995242674,0.004283332824706942
0.0012508620020525996,0.004283332824706942
0.0013423060008790344,0.004283332824706942
0.0014276500005507842,0.004283332824706942
0.0015117610018933192,0.004283332824706942
0.0015965240017976612,0.004283332824706942
0.001681298999756109,0.004283332824706942
0.0017646699998294935,0.004283332824706942
0.0018495740005164407,0.004283332824706942
0.00193272300020908,0.004283332824706942
0.002015537000261247,0.004283332824706942
0.0020986470008210745,0.004763984680175692
0.0022188210023159627,0.004763984680175692
0.002307773000211455,0.004763984680175692
0.0023918639999465086,0.004763984680175692
0.002475307002896443,0.004763984680175692
0.002559767999628093,0.004763984680175692
0.0026431830010551494,0.004763984680175692
0.0027265780008747242,0.004763984680175692
0.0028092280008422676,0.004763984680175692
0.0028922790006618015,0.004763984680175692
0.0029752770024060737,0.004763984680175692
0.0030589810012315866,0.004763984680175692
0.003141814002447063,0.004763984680175692
0.0032245490001514554,0.004763984680175692
0.0033130680021713488,0.004763984680175692
0.003397068001504522,0.004763984680175692
0.0034804440001607873,0.004763984680175692
0.0035632540020742454,0.004763984680175692
0.003646548000688199,0.004763984680175692
0.0037358340014179703,0.004763984680175692
0.003824341001745779,0.004763984680175692
0,0
