delta,ram
0,0.00223541259765625
0.00016996300109894946,0.002716064453125
0.00031800000215298496,0.002716064453125
0.00043652400199789554,0.002716064453125
0.0005295360024319962,0.00270843505859375
0.0006176790011522826,0.00270843505859375
0.0007039699994493276,0.00270843505859375
0.0007896720017015468,0.00270843505859375
0.0008752720023039728,0.00270843505859375
0.0009653990018705372,0.00270843505859375
0.0010539319991949014,0.00270843505859375
0.0011471260004327632,0.00319671630859375
0.001242120000824798,0.00319671630859375
0.001328559999819845,0.00319671630859375
0.0014128170005278662,0.00319671630859375
0.0015028779998829123,0.00319671630859375
0.001588220002304297,0.00319671630859375
0.001674012000876246,0.00319671630859375
0.0017587139991519507,0.00319671630859375
0.0018483310013834853,0.00319671630859375
0.0019339530008437578,0.00319671630859375
0.0020181260006211232,0.00319671630859375
0.002103314000123646,0.00319671630859375
0.0021897090009588283,0.00319671630859375
0.0022732060024281964,0.00319671630859375
0.00235698700271314,0.00319671630859375
0.0024476930011587683,0.00319671630859375
0.0025324929993075784,0.00319671630859375
0.0026166820025537163,0.00319671630859375
0.002700092001759913,0.00319671630859375
0.0027838380010507535,0.00319671630859375
0.0028677549998974428,0.00319671630859375
0.0029511440006899647,0.0036773681640625
0.003034908000699943,0.0036773681640625
0.0031177519995253533,0.0036773681640625
0.0032014440002967604,0.0036773681640625
0.0033129580006061587,0.0036773681640625
0.0034052750015689526,0.0036773681640625
0.0034972470020875335,0.0036773681640625
0.0035828470026899595,0.0036773681640625
0.0036736340007337276,0.0036773681640625
0.0037619750000885688,0.0036773681640625
0.003906424000888364,0.0036773681640625
0.004267440999683458,0.00366973876953125
0.004494546999922022,0.00366973876953125
0.004655343000194989,0.00366973876953125
0.004778649999934714,0.00366973876953125
0.005045183999754954,0.00366973876953125
0.0053457790018001106,0.00366973876953125
0.005539699999644654,0.00366973876953125
0.005695870000636205,0.00366973876953125
0.005806487999507226,0.00366973876953125
0.0058980930007237475,0.00366973876953125
0,0
