delta,ram
0,0.002031707763671786
0.00017747200035955757,0.002031707763671786
0.00030551500094588846,0.002512359619140536
0.00040321100095752627,0.002512359619140536
0.0005356149995350279,0.002497100830078036
0.0006708750006509945,0.002497100830078036
0.0007631200023752172,0.002497100830078036
0.0008508860009897035,0.002497100830078036
0.0009361190022900701,0.002497100830078036
0.0010221039992757142,0.002497100830078036
0.001107978001527954,0.002497100830078036
0.0012031260012008715,0.002497100830078036
0.0012995340002817102,0.002497100830078036
0.001386972002364928,0.002497100830078036
0.001471618001232855,0.002489471435546786
0.0015578429993183818,0.002489471435546786
0.0016497819997312035,0.002489471435546786
0.0017350730013276916,0.002489471435546786
0.0018231670001114253,0.002977752685546786
0.0019089279994659591,0.002977752685546786
0.001994034002564149,0.002977752685546786
0.0020912130021315534,0.002977752685546786
0.0021771579995402135,0.002977752685546786
0.0022618100010731723,0.002977752685546786
0.002346012999623781,0.002977752685546786
0.0024298749995068647,0.002977752685546786
0.002513334999093786,0.002977752685546786
0.002602398002636619,0.002977752685546786
0.0026938020018860698,0.002977752685546786
0.0027792940018116497,0.002977752685546786
0.0028638790026889183,0.002977752685546786
0.0029524080018745735,0.002977752685546786
0.003037875001609791,0.002977752685546786
0.0031227690014929976,0.002977752685546786
0.0032081040008051787,0.002977752685546786
0.0032931310015555937,0.002977752685546786
0.0033870840015879367,0.002977752685546786
0.003536731001076987,0.002977752685546786
0.0036710040003526956,0.003218078613281161
0.003763187000004109,0.003218078613281161
0.0038866809991304763,0.003218078613281161
0.004048778002470499,0.003218078613281161
0.004372604002128355,0.003218078613281161
0.004629392002243549,0.003218078613281161
0.004805495002074167,0.003218078613281161
0.0049255539997830056,0.003218078613281161
0,0
