delta,ram
0,0.00130462646484375
0.00021606500376947224,0.0017852783203125
0.00035396000021137297,0.0017852783203125
0.0004553880135063082,0.0017852783203125
0.0005477649974636734,0.0017852783203125
0.0006388190085999668,0.00226593017578125
0.000728100014384836,0.00226593017578125
0.0008159660210367292,0.00226593017578125
0.0009114679996855557,0.00226593017578125
0.001001544005703181,0.00226593017578125
0.0010891880083363503,0.00226593017578125
0.0011916160001419485,0.00226593017578125
0.0012831810163334012,0.00226593017578125
0.0013705480087082833,0.00226593017578125
0.0014590270002372563,0.00226593017578125
0.001543716003652662,0.00226593017578125
0.0016287780017592013,0.00226593017578125
0.0017139220144599676,0.00226593017578125
0.0018038669950328767,0.00226593017578125
0.0020114850194659084,0.0025177001953125
0.002218217996414751,0.0025177001953125
0.00233059300808236,0.0025177001953125
0.0024262200167868286,0.0025177001953125
0.0025158240168821067,0.0025177001953125
0.002637479017721489,0.00251007080078125
0.002803436014801264,0.00251007080078125
0.002958764001959935,0.00251007080078125
0.0030911700159776956,0.00251007080078125
0.003244410007027909,0.00251007080078125
0.0034224260016344488,0.00251007080078125
0.0035819160111714154,0.00251007080078125
0.003717893996508792,0.00251007080078125
0.003866432001814246,0.00251007080078125
0.004008318996056914,0.00251007080078125
0,0
