delta,ram
0,0.002280044555664107
0.00016014799984986894,0.002760696411132857
0.0002869319996534614,0.002760696411132857
0.00037686300038330955,0.002760696411132857
0.0004713019998234813,0.002760696411132857
0.0005546169995795935,0.002760696411132857
0.0006370669998432277,0.002760696411132857
0.0007173329995566746,0.002760696411132857
0.0007980700002008234,0.002760696411132857
0.0008785049994912697,0.002760696411132857
0.000959433999923931,0.002760696411132857
0.0010509369994906592,0.002760696411132857
0.001133165000283043,0.003248977661132857
0.0012130009999964386,0.003248977661132857
0.0012932170002386556,0.003248977661132857
0.0013732409997828654,0.003248977661132857
0.001464310999836016,0.003248977661132857
0.0015450310002051992,0.003248977661132857
0.0016288699998767697,0.003248977661132857
0.0017097049994845293,0.003248977661132857
0.001789795000149752,0.003248977661132857
0.0018695480002861586,0.003248977661132857
0.0019491390003167908,0.003248977661132857
0.0020284780002839398,0.003248977661132857
0.002108038999722339,0.003248977661132857
0.0021878850002394756,0.003248977661132857
0.0022670199996355223,0.003248977661132857
0.0024296430001413682,0.003439712524414107
0.0026139619994864915,0.003672409057617232
0.0027743179998651613,0.003672409057617232
0.002928080999481608,0.003672409057617232
0.003084652999859827,0.003672409057617232
0.003237908000301104,0.003672409057617232
0.003399391999664658,0.003672409057617232
0.0035547119996408583,0.003672409057617232
0.003708311000082176,0.003672409057617232
0.00386203200014279,0.003672409057617232
0.004015827999864996,0.003672409057617232
0.004171649999989313,0.003672409057617232
0.004323217000091972,0.003672409057617232
0.004510398000093119,0.003672409057617232
0.00467083100011223,0.003672409057617232
0.004827531000046292,0.003672409057617232
0.004982503000064753,0.003672409057617232
0.0051384440002948395,0.003672409057617232
0.005291638000016974,0.003672409057617232
0.005455264000374882,0.003672409057617232
0.005611800000224321,0.003672409057617232
0.005764577000263671,0.003672409057617232
0.0059181050000916,0.003672409057617232
0.006072829000004276,0.003672409057617232
0.006217348999598471,0.003672409057617232
0.0063795799997024005,0.003912734985351607
0.006542821999573789,0.003912734985351607
0.0066979379998883815,0.003912734985351607
0.006833809999989171,0.003912734985351607
0.00692589299978863,0.003912734985351607
0,0
