delta,ram
0,0.0017242431640625
0.0001955049992830027,0.0017242431640625
0.00034023899934254587,0.0017242431640625
0.0004438920004758984,0.00220489501953125
0.0005474579993460793,0.00220489501953125
0.0006559819994436111,0.00220489501953125
0,0
-1,-1
