delta,ram
0,0.003748321533203147
0.00016794000111985952,0.003748321533203147
0.00035341900002094917,0.003981018066406272
0.00046533000204362907,0.004003906250000022
0.0005576740004471503,0.004003906250000022
0.0006443710008170456,0.004003906250000022
0.0007307410014618654,0.004003906250000022
0.0008162689991877414,0.004003906250000022
0.0009008750021166634,0.004003906250000022
0.0009850730020843912,0.003996276855468772
0.0010695269993448164,0.003988647460937522
0.0011538149992702529,0.003988647460937522
0.0012465239997254685,0.003988647460937522
0.001332748001004802,0.003988647460937522
0.0014172000010148622,0.003988647460937522
0.0015075250012159813,0.004469299316406272
0.0015926369997032452,0.004469299316406272
0.0016763849998824298,0.004469299316406272
0.0017592559997865465,0.004469299316406272
0.0018422060020384379,0.004461669921875022
0.0019256849991506897,0.004454040527343772
0.0020097580018045846,0.004454040527343772
0.0020926649995089974,0.004446411132812522
0.0021754529989266302,0.004446411132812522
0.0022582339988730382,0.004446411132812522
0.002351077000639634,0.004934692382812522
0.0024361340001632925,0.004927062988281272
0.0025253579988202546,0.004927062988281272
0.0026088189988513477,0.004919433593750022
0.002693033999094041,0.004911804199218772
0.0027754570000979584,0.004911804199218772
0.002858212999854004,0.004911804199218772
0.002940870999736944,0.004911804199218772
0.003024309000466019,0.004911804199218772
0.0031078760002856143,0.004911804199218772
0.003190289000485791,0.004911804199218772
0.003273337999416981,0.004911804199218772
0.0033567819991731085,0.004911804199218772
0.0034401439988869242,0.004911804199218772
0.003577182000299217,0.004911804199218772
0.003742327000509249,0.004911804199218772
0.0038969180022832006,0.004911804199218772
0.004044781999255065,0.004911804199218772
0.00420270500035258,0.004911804199218772
0.004375971999252215,0.004911804199218772
0.004540476998954546,0.004911804199218772
0.004676726999605307,0.004911804199218772
0.004821081001864513,0.004911804199218772
0.00494579600126599,0.004911804199218772
0.005076733999885619,0.004911804199218772
0.005166814000403974,0.004911804199218772
0.005251657999906456,0.004911804199218772
0.005379959002311807,0.004911804199218772
0.005536331002076622,0.004911804199218772
0.005784693999885349,0.004911804199218772
0.005991035999613814,0.004911804199218772
0,0
