delta,ram
0,0.0013191223144530806
0.0001925249998748768,0.0017997741699218306
0.0003280950004409533,0.0017997741699218306
0.0004246930002409499,0.0017997741699218306
0.0005255280011624563,0.0017997741699218306
0.000613662999967346,0.0017997741699218306
0.0007003200007602572,0.0017997741699218306
0.0007876140007283539,0.0017997741699218306
0.0008734279981581494,0.0017997741699218306
0.0009581529993738513,0.0017997741699218306
0.0010471120003785472,0.0017997741699218306
0.0011409740000090096,0.0017997741699218306
0.0012309359990467783,0.0017997741699218306
0.001318111000728095,0.0017997741699218306
0.0014039169982424937,0.0017997741699218306
0.0014950000004319008,0.0017997741699218306
0.0015795200015418231,0.0022804260253905806
0.001663103001192212,0.0022804260253905806
0.0017477030014561024,0.0022804260253905806
0.0018334890010009985,0.0022804260253905806
0.00191716400149744,0.0022804260253905806
0.0020046309982717503,0.0022804260253905806
0.0020902500000374857,0.0022804260253905806
0.0021757399990747217,0.0022804260253905806
0.002259920998767484,0.0022804260253905806
0.002524652001739014,0.0022804260253905806
0.002687047999643255,0.0022804260253905806
0.0027971529998467304,0.0022804260253905806
0.002889671999582788,0.0022804260253905806
0.002977824999106815,0.0022804260253905806
0.00306498500140151,0.0027610778808593306
0.0031517249990429264,0.0027610778808593306
0.003280879998783348,0.0027610778808593306
0.0033728400012478232,0.0027610778808593306
0.003465886999038048,0.0027610778808593306
0.0035533119989850093,0.0027610778808593306
0.003641624000010779,0.0027610778808593306
0.0037327509999158792,0.0027610778808593306
0.003832700000202749,0.0027610778808593306
0.0039232720009749755,0.0027610778808593306
0.004013542999018682,0.0027610778808593306
0.004099690999282757,0.0027610778808593306
0.004186127000139095,0.0027610778808593306
0.004271712998161092,0.0027610778808593306
0.004394936000608141,0.0027610778808593306
0.004491977000725456,0.0027610778808593306
0.004578670999762835,0.0027610778808593306
0.004670253998483531,0.0027610778808593306
0,0
