delta,ram
0,0.0017745971679687944
0.00021527899662032723,0.0022552490234375444
0.00035826099338009953,0.0022552490234375444
0.0004716019902843982,0.0022552490234375444
0.0005699679895769805,0.0022552490234375444
0.0006641509826295078,0.0022552490234375444
0.0007572300091851503,0.0022552490234375444
0.0008473699854221195,0.0022552490234375444
0.0009377140086144209,0.0022552490234375444
0.0010250830091536045,0.0022552490234375444
0.0011133269872516394,0.0022552490234375444
0.0012161479971837252,0.0027359008789062944
0.001316078007221222,0.0027359008789062944
0.0014090339827816933,0.0027359008789062944
0.0015035299875307828,0.0027359008789062944
0.0015951569948811084,0.0027359008789062944
0.0016857000009622425,0.0027359008789062944
0.001777573983417824,0.0027359008789062944
0.0018642540089786053,0.0027359008789062944
0.0019489240075927228,0.0027359008789062944
0.0020338009926490486,0.0027359008789062944
0.002121116005582735,0.0027359008789062944
0.0022114579915069044,0.0027359008789062944
0.0022973390005063266,0.0027359008789062944
0.002382193983066827,0.0027359008789062944
0.0024751820019446313,0.0027359008789062944
0.0025620280066505075,0.0032165527343750444
0.002647646004334092,0.0032165527343750444
0.002738210983807221,0.0032165527343750444
0.0028294899966567755,0.0032165527343750444
0.00291558398748748,0.0032165527343750444
0.0030026349995750934,0.0032165527343750444
0.003090221987804398,0.0032165527343750444
0.003174760000547394,0.0032165527343750444
0.0032695340050850064,0.0032165527343750444
0.0033589350059628487,0.0032165527343750444
0.003468701004749164,0.0032165527343750444
0.0035950529854744673,0.0032165527343750444
0.0036853089986834675,0.0032165527343750444
0.003780138009460643,0.0032165527343750444
0.0038757509901188314,0.0032165527343750444
0.003964801988331601,0.0032165527343750444
0.004052900010719895,0.0032165527343750444
0,0
