delta,ram
0,0.001979827880859375
0.000196315988432616,0.002460479736328125
0.0003429289790801704,0.002460479736328125
0.00044298701686784625,0.002460479736328125
0.0005380689981393516,0.002460479736328125
0.0006297759828157723,0.002460479736328125
0.0007203959976322949,0.002460479736328125
0.0008092999923974276,0.002460479736328125
0.0008978890255093575,0.002460479736328125
0.0009875299874693155,0.002460479736328125
0.0010745259933173656,0.002460479736328125
0.0011748989927582443,0.002460479736328125
0.0012858010013587773,0.002941131591796875
0.0013770880177617073,0.002941131591796875
0.001468685979489237,0.002941131591796875
0.0015556510188616812,0.002941131591796875
0.00164268899243325,0.002941131591796875
0.0017345600062981248,0.002941131591796875
0.0018233709852211177,0.002941131591796875
0.0019107229891233146,0.002941131591796875
0.001997215033043176,0.002941131591796875
0.002083202009089291,0.002941131591796875
0.002197108988184482,0.002941131591796875
0.002326360030565411,0.002941131591796875
0.0024217190220952034,0.002941131591796875
0.0025107989786192775,0.002941131591796875
0.0026024419930763543,0.002941131591796875
0.0026962810079567134,0.002941131591796875
0.002782875031698495,0.003421783447265625
0.002867634000722319,0.003421783447265625
0.002951745002064854,0.003421783447265625
0.003036317997612059,0.003421783447265625
0.0031210979796014726,0.003421783447265625
0.0032056019990704954,0.003421783447265625
0.0032971930340863764,0.003421783447265625
0.0033834900241345167,0.003421783447265625
0.0034686269937083125,0.003421783447265625
0.0035528320004232228,0.003421783447265625
0.0036392310285009444,0.003421783447265625
0.003723718982655555,0.003421783447265625
0.0038078019861131907,0.003421783447265625
0,0
