delta,ram
0,0.002742767333984375
0.00017076500080293044,0.002742767333984375
0.0003049490005651023,0.002742767333984375
0.0003998829997726716,0.002742767333984375
0.0004880739979853388,0.002742767333984375
0.0005747200011683162,0.002742767333984375
0.0006705029991280753,0.002742767333984375
0.0007561599995824508,0.002742767333984375
0.0008396669982175808,0.002742767333984375
0.000924001000385033,0.003223419189453125
0.001008114999422105,0.003223419189453125
0.0010922399997070897,0.003223419189453125
0.0011830889998236671,0.003223419189453125
0.0012682649976341054,0.003223419189453125
0.001351397000689758,0.003223419189453125
0.0014351190002344083,0.003223419189453125
0.001519016997917788,0.003223419189453125
0.001603592998435488,0.003223419189453125
0.0016933740007516462,0.003223419189453125
0.001776928998879157,0.003711700439453125
0.001859749998402549,0.003711700439453125
0.0019603859982453287,0.004085540771484375
0.0020743290006066673,0.003978729248046875
0.0022349520004354417,0.003971099853515625
0.002336598998226691,0.003971099853515625
0.002472110998496646,0.003971099853515625
0.0026355599984526634,0.003971099853515625
0.0027898259977519047,0.003971099853515625
0.0029425430002447683,0.003971099853515625
0.0030967829989094753,0.003971099853515625
0.003248631997848861,0.003971099853515625
0.0033982189997914247,0.003971099853515625
0.003547190997778671,0.003971099853515625
0.0037033829976280686,0.003971099853515625
0.0038531659993168432,0.003971099853515625
0.0039936649991432205,0.003971099853515625
0.004141028999583796,0.003963470458984375
0.004296201997931348,0.003963470458984375
0.004449230000318494,0.003963470458984375
0,0
