delta,ram
0,0.002567291259765625
0.00021963900144328363,0.003047943115234375
0.00037750699993921444,0.003047943115234375
0,0
-1,-1
