delta,ram
0,0.0030153274536133257
0.0001906449906527996,0.0034959793090820757
0.00032662597368471324,0.0034959793090820757
0.0004246809985488653,0.0034959793090820757
0.0005141639849171042,0.0034959793090820757
0.0006174989975988865,0.0034959793090820757
0.0007496889738831669,0.0037363052368164507
0.000842478999402374,0.0037363052368164507
0.0009298419754486531,0.0037363052368164507
0.001017050992231816,0.0037363052368164507
0.001103285001590848,0.0037363052368164507
0.0011954749934375286,0.0037363052368164507
0.0012844959856010973,0.0037363052368164507
0.0013704389857593924,0.0037363052368164507
0.001455755002098158,0.0037363052368164507
0.001540079974802211,0.0037363052368164507
0.0016244019789155573,0.0037363052368164507
0.0017172999796457589,0.004216957092285201
0.0018034649838227779,0.004216957092285201
0.0018882849835790694,0.004216957092285201
0.0019731879874598235,0.004216957092285201
0.0020571459899656475,0.004216957092285201
0.0021422290010377765,0.004216957092285201
0.0022268939937930554,0.004216957092285201
0.0023149869812186807,0.004216957092285201
0.002402043988695368,0.004216957092285201
0.0024857819953467697,0.004216957092285201
0.0025698109820950776,0.004216957092285201
0.0026551449846010655,0.004216957092285201
0.0027435429801698774,0.004216957092285201
0.0028289019828662276,0.004216957092285201
0.002913435979280621,0.004216957092285201
0.002997962001245469,0.004216957092285201
0.0030888049805071205,0.004697608947753951
0.0031740969861857593,0.004697608947753951
0.0032581639825366437,0.004697608947753951
0.0033421249827370048,0.004697608947753951
0.003426716983085498,0.004697608947753951
0.0035118160012643784,0.004697608947753951
0.0035961709800176322,0.004697608947753951
0.00367942699813284,0.004697608947753951
0.0037715939979534596,0.004697608947753951
0.003864448983222246,0.004697608947753951
0.003949972975533456,0.004697608947753951
0.004036897997139022,0.004697608947753951
0.004121378995478153,0.004697608947753951
0.004208903992548585,0.004697608947753951
0.004293275997042656,0.004697608947753951
0.004378108977107331,0.004697608947753951
0.004462525976123288,0.004697608947753951
0.004546296986518428,0.004697608947753951
0.004629728995496407,0.004697608947753951
0,0
