delta,ram
0,0.0017871856689453125
0.00020962499911547638,0.0017871856689453125
0.0003524940002535004,0.0022678375244140625
0.0004465179990802426,0.0022678375244140625
0.0005351119980332442,0.0022678375244140625
0.0006205319987202529,0.0022678375244140625
0.000705133999872487,0.0022678375244140625
0.0007885479972173925,0.0022678375244140625
0.0008721399972273502,0.0022678375244140625
0.0009561740007484332,0.0022678375244140625
0.001053337000485044,0.0022678375244140625
0.0011550479975994676,0.0022678375244140625
0.001240863999555586,0.0022678375244140625
0.0013249490002635866,0.0022678375244140625
0.001408406998962164,0.0022678375244140625
0.0014918159977241885,0.0022678375244140625
0.0015743910007586237,0.0022678375244140625
0.0016580109986534808,0.0022678375244140625
0.0017413189998478629,0.0022678375244140625
0.0018239279997942504,0.0022678375244140625
0.001909198999783257,0.0022602081298828125
0.0019927180001104716,0.0027484893798828125
0.0020758039972861297,0.0027484893798828125
0.002164405999792507,0.0027484893798828125
0.002248972999950638,0.0027484893798828125
0.002332473999558715,0.0027484893798828125
0.00248335899959784,0.0027484893798828125
0.0026567159984551836,0.0027484893798828125
0.002827333999448456,0.0027484893798828125
0.002926400997239398,0.0027484893798828125
0.003068341000471264,0.0027484893798828125
0.0032101779979711864,0.0027484893798828125
0.0033020979972206987,0.0027484893798828125
0.0033874359978653956,0.0027484893798828125
0.0034728030004771426,0.0027484893798828125
0.0036132459972577635,0.0031223297119140625
0.00955565500044031,0.0031223297119140625
0.009720983998704469,0.0031223297119140625
0,0
