delta,ram
0,0.002742767333984375
0.00018142800036002882,0.003223419189453125
0.0003120059991488233,0.003223419189453125
0.0004076629993505776,0.003223419189453125
0.0004952089984726626,0.003223419189453125
0.0005809439971926622,0.003223419189453125
0.0006661509978584945,0.003223419189453125
0.000758594000217272,0.003223419189453125
0.0008499879986629821,0.003223419189453125
0.0009352619999845047,0.003223419189453125
0.0010188659980485681,0.003223419189453125
0.0011153319974255282,0.003711700439453125
0.0012031589976686519,0.003711700439453125
0.001286118000280112,0.003711700439453125
0.001369775000057416,0.003711700439453125
0.0014522679994115606,0.003711700439453125
0.0015347489970736206,0.003711700439453125
0.001617314999748487,0.003711700439453125
0.0017008529976010323,0.003704071044921875
0.0017839909996837378,0.003704071044921875
0.0018727779970504344,0.003704071044921875
0.001956062998942798,0.003704071044921875
0.002039535000221804,0.003704071044921875
0.0021286619994498324,0.003704071044921875
0.002310740997927496,0.004192352294921875
0.0024753379984758794,0.003803253173828125
0.002632864998304285,0.003803253173828125
0.002783862997603137,0.003803253173828125
0.002954597999632824,0.003803253173828125
0.0031082770001376048,0.003803253173828125
0.0032575369987171143,0.003803253173828125
0.0034077620002790354,0.003803253173828125
0.0035280999982205685,0.003803253173828125
0.003664963998744497,0.0040435791015625
0.003817405999143375,0.0040435791015625
0.003982131998782279,0.0040435791015625
0.004121612997550983,0.0040435791015625
0.004255001000274206,0.0040435791015625
0.004406432999530807,0.0040435791015625
0.004545379997580312,0.0040435791015625
0,0
