delta,ram
0,0.0023349761962889737
0.00020886299898847938,0.0023349761962889737
0.00035749699964071624,0.0023349761962889737
0.00046090500109130517,0.0023349761962889737
0.0005542030012293253,0.0023349761962889737
0.000646034000965301,0.0023349761962889737
0.0007368799997493625,0.0023349761962889737
0.0008254550011770334,0.0023349761962889737
0.0009113999985856935,0.0023349761962889737
0.0010062319997814484,0.0023349761962889737
0.00109566099854419,0.0023349761962889737
0.0011930260006920435,0.0023349761962889737
0.0013226310002210084,0.0030559539794920987
0.001416446000803262,0.0030559539794920987
0.001503004998085089,0.0030559539794920987
0.0015884380009083543,0.0030559539794920987
0.0016744050008128397,0.0030483245849608487
0.001759202998073306,0.0030483245849608487
0.0018436739992466755,0.0030483245849608487
0.0019287430004624184,0.0030483245849608487
0.002020723000896396,0.0030483245849608487
0.0021073329990031198,0.0030483245849608487
0.0021943639985693153,0.0030483245849608487
0.0022787630005041137,0.0030483245849608487
0.002363774001423735,0.0030483245849608487
0.002449460000207182,0.0030483245849608487
0.002534944000217365,0.0030483245849608487
0.0026248770009260625,0.0030483245849608487
0.002712024001084501,0.0030483245849608487
0.002797201999783283,0.0030483245849608487
0.0028926209997734986,0.0030483245849608487
0.002981869998620823,0.0030483245849608487
0.0030804599991824944,0.0030483245849608487
0.003234249001252465,0.0030483245849608487
0.004057902999193175,0.0030483245849608487
0.004508267000346677,0.0030483245849608487
0.004671082999266218,0.0030483245849608487
0.00481547800154658,0.0030483245849608487
0.00496007200126769,0.0030483245849608487
0.005086754998046672,0.0030483245849608487
0.005232339000940556,0.0030483245849608487
0.00543751599980169,0.0031970977783202237
0.005543938998016529,0.0031970977783202237
0.005632822998450138,0.0031970977783202237
0,0
