delta,ram
0,0.0021854400634765403
0.00018145900048693875,0.0021854400634765403
0.0003060770004594815,0.0021854400634765403
0.0003966860003856709,0.0021854400634765403
0.0004823670005862368,0.0021854400634765403
0.0005653850003000116,0.0021854400634765403
0.0006468970004789298,0.0021854400634765403
0.0007274750005308306,0.0021854400634765403
0.0008072830005403375,0.0026737213134765403
0.0008872010002960451,0.0026737213134765403
0.000967135000792041,0.0026737213134765403
0.0010586309999780497,0.0026737213134765403
0.0011481589999675634,0.0026737213134765403
0.0012294790003579692,0.0026737213134765403
0.0013097520004521357,0.0031543731689452903
0.0013887370005249977,0.0031543731689452903
0.0014676160008093575,0.0031543731689452903
0.0015468159999727504,0.0031543731689452903
0.0016305290000673267,0.0031543731689452903
0.0017111890001615393,0.0031543731689452903
0.0017905790000440902,0.0031543731689452903
0.0018763810003292747,0.0031543731689452903
0.0020057250003446825,0.0031543731689452903
0.0021770220000689733,0.0031543731689452903
0.002333682999960729,0.0031543731689452903
0.0024891070006560767,0.0031543731689452903
0.0026430150001033326,0.0031543731689452903
0.002799883000079717,0.0031543731689452903
0.002953733000140346,0.0031543731689452903
0.0031075560000317637,0.0031543731689452903
0.0032776550006019534,0.0031543731689452903
0.0034580230003484758,0.0033336639404296653
0.003628628000114986,0.0033336639404296653
0.0037858740006413427,0.0033336639404296653
0.0039398240005539265,0.0033336639404296653
0.004093273000762565,0.0033336639404296653
0.0042548340006760554,0.0033336639404296653
0.0044079830004193354,0.0033336639404296653
0.004560128000775876,0.0033336639404296653
0.00470959300037066,0.0033336639404296653
0.004859456000303908,0.0033336639404296653
0.0050138650003646035,0.0033336639404296653
0.00517109900010837,0.0033336639404296653
0.005323805999978504,0.0033336639404296653
0.0054749509999965085,0.0033336639404296653
0.005625451000014436,0.0033336639404296653
0.005776650000370864,0.0033336639404296653
0.005928536000283202,0.0033336639404296653
0.00607942000078765,0.0033336639404296653
0.006255027000406699,0.0033336639404296653
0.006408860000192362,0.0033336639404296653
0.0065618470007393626,0.0033336639404296653
0.006724935999955051,0.0033336639404296653
0.0068781469999521505,0.0033336639404296653
0.007024023000667512,0.0033336639404296653
0.0071734740004103514,0.0033336639404296653
0,0
