delta,ram
0,0.0019929885864258257
0.00021094999829074368,0.0019929885864258257
0.0003439430001890287,0.0019929885864258257
0.0004398969977046363,0.0024736404418945757
0.000528141998074716,0.0024736404418945757
0.0006147479980427306,0.0024736404418945757
0.0007005369989201427,0.0024660110473633257
0.0007858729986764956,0.0024660110473633257
0.0008694829994055908,0.0024660110473633257
0.0009533679985906929,0.0024660110473633257
0.001037250000081258,0.0024660110473633257
0.00113882699952228,0.0029542922973633257
0.0012325989991950337,0.0029542922973633257
0.0013180200003262144,0.0029542922973633257
0.0014010399972903542,0.0029542922973633257
0.001484548000007635,0.0024736404418945757
0.001568015999509953,0.0024736404418945757
0.0016508160006196704,0.0024736404418945757
0.0017329189977317583,0.0024736404418945757
0.0018165439978474751,0.0024736404418945757
0.0019107509979221504,0.0024736404418945757
0.001994041998841567,0.0024736404418945757
0.0020821670004806947,0.0024736404418945757
0.002223657000286039,0.0024736404418945757
0.002387044998613419,0.0024736404418945757
0.0025419079975108616,0.0024736404418945757
0.00269444600053248,0.0024736404418945757
0.0028509090006991755,0.0024736404418945757
0.003004676000273321,0.0024736404418945757
0.0031672499972046353,0.0024736404418945757
0.003319464998639887,0.0024736404418945757
0.003473098000540631,0.0024736404418945757
0.0036277369981689844,0.0024736404418945757
0.0037672529979317915,0.0024736404418945757
0.003945186999771977,0.0031908035278320757
0.004092384999239584,0.0031831741333008257
0.004248836998158367,0.0031831741333008257
0.004396381998958532,0.0031831741333008257
0.004519922000326915,0.0031831741333008257
0.004680021000240231,0.0031831741333008257
0.004799444999662228,0.0031831741333008257
0.004949672998918686,0.0031831741333008257
0.005109050998726161,0.0031831741333008257
0.005255752999801189,0.0031831741333008257
0.005354038999939803,0.0031831741333008257
0.005441118999442551,0.0031831741333008257
0,0
