delta,ram
0,0.0030059814453125
0.00018090600133291446,0.0030059814453125
0,0
-1,-1
