delta,ram
0,0.0017843246459960938
0.00018947900025523268,0.0022649765014648438
0.00032062000173027627,0.0022649765014648438
0.00041530300222802907,0.0022649765014648438
0.0005034189998696093,0.0022649765014648438
0.0006018280000716913,0.0022649765014648438
0.0006887300005473662,0.0022649765014648438
0.0007735830004094169,0.0022649765014648438
0.0008613570025772788,0.0022649765014648438
0.0009681180017651059,0.0022573471069335938
0.0010549500002525747,0.0022573471069335938
0.001141028002166422,0.0022573471069335938
0.001227968001330737,0.0027379989624023438
0.0013116190020809881,0.0027379989624023438
0.0013949189997219946,0.0027379989624023438
0.0014785430030315183,0.0027379989624023438
0.0015696700029366184,0.0027379989624023438
0.0016537340015929658,0.0027379989624023438
0.0017388850028510205,0.0027379989624023438
0.0018217100005131215,0.0027379989624023438
0.0019048739995923825,0.0027379989624023438
0.0019876480000675656,0.0027379989624023438
0.0020729470015794504,0.0027379989624023438
0.002155825000954792,0.0027379989624023438
0.0022383610012184363,0.0027379989624023438
0.0023205920006148517,0.0027379989624023438
0.0024037969997152686,0.0032262802124023438
0.002486445002432447,0.0032262802124023438
0.002575583002908388,0.0032262802124023438
0.0026588370019453578,0.0032262802124023438
0.0027408170026319567,0.0032262802124023438
0.002823931001330493,0.0032262802124023438
0.0029070689997752197,0.0032262802124023438
0.002990375000081258,0.0032262802124023438
0.0030732910017832182,0.0032262802124023438
0.003170956002577441,0.0032262802124023438
0.003283617003035033,0.0032262802124023438
0.003420935001486214,0.0032262802124023438
0.00356255000224337,0.0032262802124023438
0.003699583001434803,0.0032262802124023438
0.0038407450010709,0.0032262802124023438
0.003979730001447024,0.0032262802124023438
0.004118212000321364,0.0032262802124023438
0.0042583210015436634,0.0032262802124023438
0.004394820000015898,0.0032262802124023438
0.004541845002677292,0.0032262802124023438
0.004665103002480464,0.0032262802124023438
0.004800136000994826,0.0032262802124023438
0.0048952030010696035,0.0032262802124023438
0.0050589320017024875,0.0036306381225585938
0.0052138890023343265,0.0036306381225585938
0.005358892001822824,0.0036306381225585938
0.0054999439998937305,0.0036306381225585938
0.005711722002160968,0.0036306381225585938
0.005865786002686946,0.0036306381225585938
0.006015098002535524,0.0036306381225585938
0.006126506999862613,0.0036306381225585938
0,0
