delta,ram
0,0.0024957656860351562
0.00018511699818191119,0.0024957656860351562
0.0003253149989177473,0.0029764175415039062
0.00042776899863383733,0.0029764175415039062
0.0005339359995559789,0.0029764175415039062
0.000627239998721052,0.0029764175415039062
0.000717495997378137,0.0029764175415039062
0.000811063997389283,0.0029687881469726562
0.0009054729998752009,0.0029687881469726562
0.0009965099998225924,0.0029687881469726562
0.0011004419975506607,0.0029687881469726562
0.0011939340001845267,0.0029687881469726562
0.0012823539982491639,0.0029687881469726562
0.0013700159979634918,0.0029687881469726562
0.0014580799979739822,0.0029687881469726562
0.0015533839978161268,0.0029687881469726562
0.001641793998715002,0.0029687881469726562
0.0017296789992542472,0.0034570693969726562
0.0018188249996455852,0.0034570693969726562
0.001906528999825241,0.0034570693969726562
0.0019934789997932967,0.0034570693969726562
0.0020816129981540143,0.0034570693969726562
0.002170165000279667,0.0034570693969726562
0.0022576070005015936,0.0034570693969726562
0.0023521340008301195,0.0034570693969726562
0.0024408930003119167,0.0034570693969726562
0.0025342730004922487,0.0034570693969726562
0.00262352999925497,0.0034570693969726562
0.002711606997763738,0.0034494400024414062
0.0028101940006308723,0.0034494400024414062
0.0028961009993508924,0.0034494400024414062
0.002982063000672497,0.0034494400024414062
0.0030675249981868546,0.0034494400024414062
0.0031526139973721,0.0034494400024414062
0.0032418609989690594,0.0034494400024414062
0.003328135997435311,0.0034494400024414062
0.003414577997318702,0.0034494400024414062
0.0035001209980691783,0.0034494400024414062
0.00390999499722966,0.0034494400024414062
0.004090721999091329,0.0034494400024414062
0.004665683998609893,0.0034494400024414062
0.0048755280004115775,0.0034494400024414062
0.0050087979980162345,0.0034494400024414062
0.005157214000064414,0.0034494400024414062
0.005308069998136489,0.0034494400024414062
0,0
