delta,ram
0,0.0022132873535156694
0.000182079995283857,0.0022132873535156694
0.0003164020017720759,0.0022132873535156694
0.0004963870014762506,0.0026939392089844194
0.0006004579990985803,0.0026939392089844194
0.0006910369993420318,0.0026939392089844194
0.0007885329978307709,0.0026939392089844194
0.0008774669986451045,0.0026939392089844194
0.0009648919949540868,0.0026939392089844194
0.0010503079975023866,0.0026939392089844194
0.001151714997831732,0.0026939392089844194
0.0012401970016071573,0.0026939392089844194
0.0013281739957164973,0.0026939392089844194
0.0014162020015646704,0.0031822204589844194
0.0015011559953563847,0.0031745910644531694
0.0015876600009505637,0.0031745910644531694
0.0016736699981265701,0.0031745910644531694
0.0017673780021141283,0.0031745910644531694
0.0018542370016803034,0.0031745910644531694
0.0019419370000832714,0.0031745910644531694
0.0020297969967941754,0.0031745910644531694
0.002116865995049011,0.0031745910644531694
0.00220249700214481,0.0031745910644531694
0.002288947995111812,0.0031745910644531694
0.0023735860013403,0.0036628723144531694
0.0024585520004620776,0.0036628723144531694
0.0025437059957766905,0.0036628723144531694
0.0026311399997211993,0.0036628723144531694
0.002837082000041846,0.0036628723144531694
0.0030053739974391647,0.0036552429199219194
0.003114068997092545,0.0036552429199219194
0.003258578995882999,0.0036552429199219194
0.003413534999708645,0.0036552429199219194
0.0036858379971818067,0.0036552429199219194
0,0
