delta,ram
0,0.0026330947875976562
0.0002076880009553861,0.0026330947875976562
0.0003460080006334465,0.0026330947875976562
0.0004440869997779373,0.0026330947875976562
0.0005364550015656278,0.0031137466430664062
0.0006298219996097032,0.0031137466430664062
0.0007303590027731843,0.0031137466430664062
0.0008214750014303718,0.0031137466430664062
0.0009337949995824602,0.0031137466430664062
0.0010641730004863348,0.0031137466430664062
0.0011608320019149687,0.0031137466430664062
0.0012614690022019204,0.0031137466430664062
0.0013622340011352208,0.0031137466430664062
0.00144920000093407,0.0031137466430664062
0.00153407200195943,0.0031137466430664062
0.001619110000319779,0.0031137466430664062
0.0017109149994212203,0.0031137466430664062
0.0017960840013984125,0.0031137466430664062
0.001880447001894936,0.0031137466430664062
0.0019661469996208325,0.0031137466430664062
0.002050516999588581,0.0031137466430664062
0.002134507001755992,0.0031137466430664062
0.0022383520008588675,0.0031137466430664062
0.002325202000065474,0.0031137466430664062
0.002411060999293113,0.0031137466430664062
0.0024964580006781034,0.0031137466430664062
0.0025806160010688473,0.0031137466430664062
0.0026646130027074832,0.0031137466430664062
0.002753235999989556,0.0031137466430664062
0.002838506999978563,0.0031137466430664062
0.002922760999354068,0.0031061172485351562
0.0030165540010784753,0.0031061172485351562
0.0031026350006868597,0.0035943984985351562
0.0031873970001470298,0.0035943984985351562
0.003271837002102984,0.0035943984985351562
0.0033568610015208833,0.0035943984985351562
0.0034409370018693153,0.0035943984985351562
0.0035255729999335017,0.0038347244262695312
0.003621381001721602,0.0038347244262695312
0.004196252000838285,0.0038347244262695312
0.004472737000469351,0.0038347244262695312
0.004575808001391124,0.0038347244262695312
0,0
