delta,ram
0,0.0023288726806640625
0.00018025199824478477,0.0023288726806640625
0.0003109159988525789,0.0023288726806640625
0.000405549999413779,0.0023288726806640625
0.0004939840000588447,0.0028095245361328125
0.0005805820001114625,0.0028095245361328125
0.0006662640007562004,0.0028095245361328125
0.0007505559988203458,0.0028095245361328125
0.0008334900012414437,0.0028095245361328125
0.000925107000512071,0.0028095245361328125
0.0010100889994646423,0.0028095245361328125
0.0011016259995813016,0.0028095245361328125
0.0011934129979636054,0.0028095245361328125
0.0012773259986715857,0.0028095245361328125
0.0013599499980045948,0.0028095245361328125
0.0014425970002776012,0.0028095245361328125
0.0015250440010277089,0.0028095245361328125
0.0016083420014183503,0.0032901763916015625
0.001690679000603268,0.0032901763916015625
0.001773305000824621,0.0032825469970703125
0.0018556819995865226,0.0032825469970703125
0.0019444399986241478,0.0032825469970703125
0.0020283300000301097,0.0032825469970703125
0.0021113410002726596,0.0032825469970703125
0.0021940500009804964,0.0032825469970703125
0.0022764870009268634,0.0032825469970703125
0.002359130998229375,0.0032825469970703125
0.002441254000586923,0.0037708282470703125
0.002523389000998577,0.0037708282470703125
0.0026155769992328715,0.0037708282470703125
0.0027014320003218018,0.0037708282470703125
0.0028128869998909067,0.0037708282470703125
0.0028998220004723407,0.0037708282470703125
0.003003564997925423,0.0037708282470703125
0.003088897999987239,0.0037708282470703125
0.0031858789989200886,0.0037708282470703125
0.0033253900001000147,0.0037708282470703125
0.0034762360010063276,0.0037708282470703125
0.003575774000637466,0.0037708282470703125
0.003704651000589365,0.0037708282470703125
0.0038577999985136557,0.0037708282470703125
0.003957503999117762,0.0037708282470703125
0,0
