delta,ram
0,0.002742767333984375
0.00025000801542773843,0.002742767333984375
0.0003939520101994276,0.003223419189453125
0.0004958010104019195,0.003223419189453125
0.0005918090173508972,0.003223419189453125
0.0006845339958090335,0.003223419189453125
0.0007772280077915639,0.003223419189453125
0.0008680600149091333,0.003223419189453125
0.0009588170214556158,0.003223419189453125
0.0010584400151856244,0.003223419189453125
0.00115033402107656,0.003223419189453125
0.0012411130010150373,0.003223419189453125
0.001337118010269478,0.003223419189453125
0.001427426002919674,0.003223419189453125
0.0015584939974360168,0.003223419189453125
0.0016503060178365558,0.003704071044921875
0.0017413489986211061,0.003704071044921875
0.0018324170086998492,0.003704071044921875
0.0019226430158596486,0.003704071044921875
0.002020729996729642,0.003704071044921875
0.002119595999829471,0.003704071044921875
0.0022105940151959658,0.003704071044921875
0.002301517000887543,0.003704071044921875
0.0023920249950606376,0.003704071044921875
0.002482441021129489,0.003704071044921875
0.00257269199937582,0.003704071044921875
0.002664703002665192,0.003704071044921875
0.002755390014499426,0.003704071044921875
0.0028461290057748556,0.003704071044921875
0.002935869008069858,0.003704071044921875
0.0030333989998325706,0.003704071044921875
0.0031242130207829177,0.003704071044921875
0.0032148050086107105,0.003704071044921875
0.0033040740236174315,0.003704071044921875
0.0033946260227821767,0.003704071044921875
0.003485064022243023,0.003704071044921875
0.0035750140086747706,0.003704071044921875
0.003664899995783344,0.003704071044921875
0.003754725999897346,0.003704071044921875
0.0038438519986812025,0.003704071044921875
0.003933467000024393,0.003704071044921875
0.004028388997539878,0.003704071044921875
0.004146813997067511,0.003704071044921875
0.004239268018864095,0.003704071044921875
0.004330117022618651,0.003704071044921875
0.004419168020831421,0.004184722900390625
0.004508425015956163,0.004184722900390625
0.004597974009811878,0.004184722900390625
0.004687250009737909,0.004184722900390625
0.004777185007696971,0.004184722900390625
0.004866550007136539,0.004184722900390625
0,0
