delta,ram
0,0.0015256881713867632
0.00018229400029667886,0.002006340026855513
0.0003107010006715427,0.002006340026855513
0.00040181700023822486,0.002006340026855513
0.0004867430006925133,0.002006340026855513
0.0005697030001101666,0.002006340026855513
0.000652059999993071,0.002006340026855513
0.0007337300003200653,0.002006340026855513
0.0008236290004788316,0.002006340026855513
0.0009055900000021211,0.002006340026855513
0.0009868209999694955,0.002006340026855513
0.0010790760006784694,0.002006340026855513
0.0011615230005190824,0.002006340026855513
0.0012422200006767525,0.002006340026855513
0.0013229350006440654,0.001998710632324263
0.001403312000547885,0.002486991882324263
0.0014831900007266086,0.002486991882324263
0.001563992000228609,0.002486991882324263
0.0016476620003231801,0.002486991882324263
0.0017281509999520495,0.002486991882324263
0.0018137260003641131,0.002486991882324263
0.0018944960002045264,0.002486991882324263
0.0019749319999391446,0.003059196472168013
0.0020549320006466587,0.003059196472168013
0.002134762000423507,0.003059196472168013
0.0022148200005176477,0.003059196472168013
0.0022947220004425617,0.003059196472168013
0.0023888890000307583,0.003059196472168013
0.0025245490005545435,0.003059196472168013
0.0026882040001510177,0.003059196472168013
0.0028502600007414003,0.003059196472168013
0.003029022000191617,0.003059196472168013
0.0031905450005069724,0.003059196472168013
0.003343178000250191,0.003059196472168013
0.0034976360002474394,0.003059196472168013
0.0036497640003290144,0.003059196472168013
0.003930434000722016,0.003059196472168013
0.004177499000434182,0.003059196472168013
0.004344466000475222,0.003059196472168013
0.004515677000199503,0.003059196472168013
0.004675691000556981,0.003059196472168013
0.004831814000681334,0.003059196472168013
0.004986605000340205,0.003059196472168013
0.005142060000252968,0.003059196472168013
0.005295010000736511,0.003059196472168013
0.005455503000121098,0.003291893005371138
0.005558028999985254,0.003291893005371138
0.005648485000165238,0.003291893005371138
0.00573761900068348,0.003291893005371138
0.005882903000383521,0.003291893005371138
0.006039701000190689,0.003291893005371138
0.006139633000202593,0.003291893005371138
0,0
