delta,ram
0,0.0013151168823242188
0.0001486690016463399,0.0013151168823242188
0.0002887250011553988,0.0013151168823242188
0.00038238599881879054,0.0013151168823242188
0.0004700979989138432,0.0013151168823242188
0.0005583530000876635,0.0013151168823242188
0.0006432539994420949,0.0013151168823242188
0.0007269630004884675,0.0013151168823242188
0.0008094430013443343,0.0017957687377929688
0.0008924739995563868,0.0017957687377929688
0.0009755200007930398,0.0017957687377929688
0.0010647989984136075,0.0017957687377929688
0.0011556999997992534,0.0017957687377929688
0.001247151998541085,0.0017957687377929688
0.0013307350018294528,0.0017957687377929688
0.0014125880006758962,0.0017957687377929688
0.0014942810012144037,0.0017957687377929688
0.001576130001922138,0.0017957687377929688
0.0016588229991612025,0.0017957687377929688
0.0017401430013705976,0.0017957687377929688
0.0018219349985884037,0.0017957687377929688
0.0019044489999942016,0.0017957687377929688
0.001986448998650303,0.0017957687377929688
0.0020682319991465192,0.0017957687377929688
0.002149949999875389,0.0017957687377929688
0.0022376029992301483,0.0022840499877929688
0.0023215200017148163,0.0022840499877929688
0.0024034609996306244,0.0022840499877929688
0.002485457000148017,0.0022840499877929688
0.0025669950009614695,0.0022840499877929688
0.002648344001499936,0.0022840499877929688
0.0027306929987389594,0.0022840499877929688
0.0028135739994468167,0.0022840499877929688
0.002895886998885544,0.0022840499877929688
0.0029786060003971215,0.0022840499877929688
0.0030608410015702248,0.0022840499877929688
0.0031656399987696204,0.0022840499877929688
0.003268518001277698,0.0022840499877929688
0.0033967759991355706,0.0022840499877929688
0.0035511669993866235,0.0022840499877929688
0.003700613000546582,0.0022840499877929688
0.0038523180010088254,0.0022840499877929688
0.004003958001703722,0.0022840499877929688
0.004145752001932124,0.0022840499877929688
0.004295490998629248,0.0022840499877929688
0.004453251000086311,0.0022840499877929688
0.00460851800016826,0.0022840499877929688
0.0047566809989803005,0.0022840499877929688
0.004910941999696661,0.0022840499877929688
0,0
