delta,ram
0,0.0027446746826171875
0.00017095899966079742,0.0027446746826171875
0.00030844299908494577,0.0027446746826171875
0.0004073919990332797,0.0032253265380859375
0.000498132998473011,0.0032253265380859375
0.000587277998420177,0.0032253265380859375
0.0006782359996577725,0.0032253265380859375
0.0007690909988014027,0.0032253265380859375
0.0008573960003559478,0.0032253265380859375
0.0009754880011314526,0.0032253265380859375
0.001067100998625392,0.0032253265380859375
0.0011688179984048475,0.0032253265380859375
0.001268921001610579,0.0032253265380859375
0.0013588949987024534,0.0032253265380859375
0.001442534998204792,0.0032253265380859375
0.001526912998087937,0.0032253265380859375
0.0016461759987578262,0.0032253265380859375
0.001731739001115784,0.0032253265380859375
0.001818182001443347,0.0032253265380859375
0.0019024339999305084,0.0032253265380859375
0.001986451999982819,0.0037059783935546875
0.002070595000986941,0.0037059783935546875
0.0021565719980571885,0.0037059783935546875
0.002247872998850653,0.0037059783935546875
0.0023323440000240225,0.0036983489990234375
0.0024158810010703746,0.0036983489990234375
0.0024995099993248004,0.0036983489990234375
0.002583220000815345,0.0036983489990234375
0.002665998999873409,0.0036983489990234375
0.0027489960011735093,0.0036983489990234375
0.0028349690001050476,0.0036983489990234375
0.0029190429995651357,0.0036983489990234375
0.003002031000505667,0.0036983489990234375
0.0030859750004310627,0.0036983489990234375
0.0031759259982209187,0.0036983489990234375
0.0032604920015728567,0.0036983489990234375
0.003353208001499297,0.0036983489990234375
0.003439197000261629,0.0036983489990234375
0.003522584000165807,0.0036983489990234375
0.0036074140007258393,0.0036983489990234375
0.003691508998599602,0.0036983489990234375
0.003777137000724906,0.0036983489990234375
0.00391576900074142,0.0036983489990234375
0.004078218000358902,0.0036983489990234375
0.004254233001120156,0.0036983489990234375
0.004413803999341326,0.0036983489990234375
0.004568610998830991,0.0036983489990234375
0.004943947998981457,0.0036907196044921875
0.005249100999208167,0.0036907196044921875
0.005451729000924388,0.0036907196044921875
0.0055669350003881846,0.0036907196044921875
0.005712157999369083,0.0036907196044921875
0,0
