delta,ram
0,0.002010154724121138
0.00017492700135335326,0.002490806579589888
0.0003124450013274327,0.002490806579589888
0.0004082040031789802,0.002490806579589888
0.0004965560001437552,0.002490806579589888
0.0005840340018039569,0.002490806579589888
0.0006709370063617826,0.002490806579589888
0.000765446005971171,0.002490806579589888
0.0008636600032332353,0.002490806579589888
0.0009541750041535124,0.002490806579589888
0.0010518070048419759,0.002979087829589888
0.0011426890050643124,0.002979087829589888
0.001232082002388779,0.002979087829589888
0.0013449210018734448,0.002971458435058638
0.0014335770028992556,0.002963829040527388
0.0015183050054474734,0.002963829040527388
0.0016027150049922056,0.002963829040527388
0.0016869550017872825,0.002963829040527388
0.0017779300032998435,0.002963829040527388
0.001863779005361721,0.003444480895996138
0.001986521005164832,0.003444480895996138
0.002150475003872998,0.003444480895996138
0.0022576530027436092,0.003444480895996138
0.0023649320064578205,0.003444480895996138
0.002522883005440235,0.003444480895996138
0.0026194910024059936,0.003444480895996138
0.0027149020024808124,0.003444480895996138
0.0028016130017931573,0.003444480895996138
0.003060099006688688,0.003444480895996138
0.0032884740066947415,0.003444480895996138
0.003459902000031434,0.003444480895996138
0.0036218880050000735,0.003444480895996138
0.00379963600425981,0.003444480895996138
0.0039622700060135685,0.003444480895996138
0.004119479002838489,0.003444480895996138
0.004276283005310688,0.003444480895996138
0.004435446004208643,0.003444480895996138
0.004587980001815595,0.003444480895996138
0.004739977004646789,0.003444480895996138
0.004897426006209571,0.003444480895996138
0.005048089005867951,0.003444480895996138
0.005200059000344481,0.003444480895996138
0.005383771000197157,0.004142570495605513
0.005548807006562129,0.004142570495605513
0.005701893001969438,0.004142570495605513
0.005863305006641895,0.004142570495605513
0.006017058003635611,0.004142570495605513
0.006168407002405729,0.004142570495605513
0.006321527005638927,0.004142570495605513
0.006476832000771537,0.004142570495605513
0.006626192000112496,0.004142570495605513
0.006773267006792594,0.004142570495605513
0.0069321300034062006,0.004142570495605513
0.0071094330050982535,0.004142570495605513
0.007210886004031636,0.004142570495605513
0.007297973999811802,0.004142570495605513
0.007384155003819615,0.004142570495605513
0,0
