delta,ram
0,0.0025207519531249556
0.0001856139861047268,0.0025207519531249556
0.00032708700746297836,0.0025207519531249556
0.00042957800906151533,0.0030014038085937056
0.0005203700275160372,0.0030014038085937056
0.0006082080071792006,0.0030014038085937056
0.0006956779980100691,0.0030014038085937056
0.0007943999953567982,0.0030014038085937056
0.0008843840332701802,0.0030014038085937056
0.0009821720304898918,0.0030014038085937056
0.0010700109996832907,0.0030014038085937056
0.0011669060331769288,0.0030014038085937056
0.0012687880080193281,0.0030014038085937056
0.0013558699865825474,0.0030014038085937056
0.001452275027986616,0.0030014038085937056
0.0015392029890790582,0.0034820556640624556
0.0016251830384135246,0.0034820556640624556
0.0017113540088757873,0.0034820556640624556
0.0017955719958990812,0.0034820556640624556
0.0018794169882312417,0.0034820556640624556
0.0019687690073624253,0.0034820556640624556
0.0020533649949356914,0.0034820556640624556
0.0021381970145739615,0.0034820556640624556
0.002221336995717138,0.0034820556640624556
0.0023247700300998986,0.0034820556640624556
0.0024118649889715016,0.0034820556640624556
0.0025384260225109756,0.0037223815917968306
0.002628097019623965,0.0037223815917968306
0.0027127449866384268,0.0037223815917968306
0.0027973090182058513,0.0037223815917968306
0.0028824490145780146,0.0037223815917968306
0.0029752610134892166,0.0037223815917968306
0.0030608249944634736,0.0037223815917968306
0.003145796013996005,0.0037223815917968306
0.003231092996429652,0.0037223815917968306
0.0033158480073325336,0.0037223815917968306
0.0034000599989667535,0.0037223815917968306
0.003486939996946603,0.0037223815917968306
0.0035718160215765238,0.0037223815917968306
0.0036568359937518835,0.0037223815917968306
0.0037404000177048147,0.0037223815917968306
0.0038251199875958264,0.0037223815917968306
0.003908743034116924,0.004203033447265581
0.004000029992312193,0.004203033447265581
0.004095454991329461,0.004203033447265581
0.004181315016467124,0.004203033447265581
0.004264865012373775,0.004203033447265581
0.004349669034127146,0.004203033447265581
0.004442472010850906,0.004203033447265581
0.004529995028860867,0.004203033447265581
0,0
