delta,ram
0,0.0022451400756835493
0.00018941799862659536,0.0022451400756835493
0.00032272499811369926,0.0022451400756835493
0.00041858099939418025,0.0027257919311522993
0.0005078649992356077,0.0027257919311522993
0.0005951560015091673,0.0027257919311522993
0.0006921109998074826,0.0027257919311522993
0.0007787780014041346,0.0027257919311522993
0.0008683810010552406,0.0027257919311522993
0.0009561840015521739,0.0027257919311522993
0.0010404189997643698,0.0027257919311522993
0.001134096000896534,0.0027257919311522993
0.0012231340006110258,0.0027257919311522993
0.001307433998590568,0.0027257919311522993
0.0013913100010540802,0.0027257919311522993
0.0015122750010050368,0.0027257919311522993
0.0016087539988802746,0.0027257919311522993
0.00170200199863757,0.0032064437866210493
0.0017880070008686744,0.0032064437866210493
0.0018727189999481197,0.0032064437866210493
0.0019606099995144177,0.0032064437866210493
0.0020477479993132874,0.0032064437866210493
0.002131351000571158,0.0032064437866210493
0.0022158280007715803,0.0032064437866210493
0.0022992170015641022,0.0032064437866210493
0.002383874998486135,0.0032064437866210493
0.002466893998644082,0.0032064437866210493
0.0025503389988443814,0.0032064437866210493
0.0026327980012865737,0.0032064437866210493
0.0027219129988225177,0.0032064437866210493
0.0028068620013073087,0.0032064437866210493
0.0028908649983350188,0.0032064437866210493
0.002977027001179522,0.0032064437866210493
0.0030659279982501175,0.0032064437866210493
0.003149485000903951,0.0032064437866210493
0.00323268599822768,0.0032064437866210493
0.0033148760012409184,0.0036870956420897993
0.003397489999770187,0.0036870956420897993
0.0034792059996107128,0.0036870956420897993
0.003563885999028571,0.0036870956420897993
0.003651081999123562,0.0036870956420897993
0.0037467410002136603,0.0036870956420897993
0.0038313740005833097,0.0036870956420897993
0.0039145060000009835,0.0036870956420897993
0.004004839000117499,0.0036870956420897993
0.004102004000742454,0.0036870956420897993
0.0041879710006469395,0.0036870956420897993
0.004271723999409005,0.0036870956420897993
0.004366518998722313,0.0036870956420897993
0.004454121000890154,0.0036870956420897993
0.004537739001534646,0.0036870956420897993
0,0
