delta,ram
0,0.0015476226806638849
0.00020126199888181873,0.0015476226806638849
0.00034942899947054684,0.002028274536132635
0.0004515189975791145,0.002028274536132635
0.0005555039970204234,0.002028274536132635
0.0006783449971408118,0.002028274536132635
0.0007776909988024272,0.002028274536132635
0.000866390997543931,0.002028274536132635
0.0009590209992893506,0.002028274536132635
0.001046362998749828,0.002028274536132635
0.0011317579992464744,0.002028274536132635
0.0012266679987078533,0.002028274536132635
0.0013262529973872006,0.002028274536132635
0.0014153550000628456,0.002028274536132635
0.0015012709991424344,0.002028274536132635
0.0015851579992158804,0.002028274536132635
0.0016695329977665097,0.002028274536132635
0.001776625998900272,0.002508926391601385
0.0018669889977900311,0.002508926391601385
0.0019527549993654247,0.002508926391601385
0.002037594997091219,0.002508926391601385
0.0021217260000412352,0.002508926391601385
0.002220457998191705,0.002508926391601385
0.002305902999069076,0.002508926391601385
0.002390052999544423,0.002508926391601385
0.0024827689994708635,0.002508926391601385
0.0025687429988465738,0.002508926391601385
0.002654215997608844,0.002508926391601385
0.0027489619969855994,0.002508926391601385
0.002834230999724241,0.002508926391601385
0.002918197998951655,0.002508926391601385
0.0030028669971216004,0.002508926391601385
0.0030871719973220024,0.002508926391601385
0.0031707579983049072,0.002508926391601385
0.003255376999732107,0.002508926391601385
0.003355725999426795,0.002508926391601385
0.0034421119999024086,0.002508926391601385
0.003527705997839803,0.002508926391601385
0.0036315029974502977,0.002508926391601385
0.003989876997366082,0.002508926391601385
0.004247701999702258,0.002508926391601385
0.0044435189993237145,0.002508926391601385
0.004660051999962889,0.002508926391601385
0.004870062999543734,0.00318412780761701
0.005060641997260973,0.00318412780761701
0.005244534997473238,0.00318412780761701
0.005400843998359051,0.00318412780761701
0.005529594996914966,0.00318412780761701
0.005627271999401273,0.00318412780761701
0.005717360996641219,0.00318412780761701
0.005812254999909783,0.00318412780761701
0.005960186997981509,0.00318412780761701
0.006102728999394458,0.00318412780761701
0.00683476599806454,0.00318412780761701
0,0
