delta,ram
0,0.0027217864990234375
0.00018815699877450243,0.0027217864990234375
0.00032820100022945553,0.0032024383544921875
0,0
-1,-1
