delta,ram
0,0.0010240554809570757
0.00023862600210122764,0.0015047073364258257
0.00038101201062090695,0.0015047073364258257
0.00047754202387295663,0.0015047073364258257
0.0005670430255122483,0.0015047073364258257
0.0006544770149048418,0.0015047073364258257
0.0007403800264000893,0.0015047073364258257
0.0008333170262631029,0.0015047073364258257
0.0009200710046570748,0.0015047073364258257
0.0010070179996546358,0.0015047073364258257
0.0010912460274994373,0.0015047073364258257
0.001196739001898095,0.0015047073364258257
0.0012893820239696652,0.0015047073364258257
0.0013748470228165388,0.0019853591918945757
0.0014589460042770952,0.0019853591918945757
0.0015427690232172608,0.0019853591918945757
0.001626223005587235,0.0019853591918945757
0.001709845004370436,0.0019853591918945757
0.0017977170064114034,0.0019853591918945757
0.0018819990218617022,0.0019853591918945757
0.001969106000615284,0.0019853591918945757
0.002053654025075957,0.0019853591918945757
0.002143577003153041,0.0019853591918945757
0.0022274650109466165,0.0019853591918945757
0.0023163360019680113,0.0019853591918945757
0.002399878023425117,0.0019853591918945757
0.002482431009411812,0.0019777297973633257
0.0026035410119220614,0.0019777297973633257
0.0026909650187008083,0.0024469375610352007
0.002847911004209891,0.0024469375610352007
0.0029992280178703368,0.0024469375610352007
0.00313956500031054,0.0024469375610352007
0.0032732680265326053,0.0024469375610352007
0.0034257500083185732,0.0024469375610352007
0.003572340006940067,0.0024469375610352007
0.0037253890186548233,0.0024469375610352007
0.003855805000057444,0.0024469375610352007
0.003998514002887532,0.0024469375610352007
0.0041420240013394505,0.0024469375610352007
0.00424847102840431,0.0024469375610352007
0.004343851003795862,0.0024469375610352007
0,0
