delta,ram
0,0.0017601013183593528
0.00017373099763062783,0.0017601013183593528
0.00030169199817464687,0.0017601013183593528
0.00039564100006828085,0.0017601013183593528
0.00048355099715990946,0.002240753173828103
0.0005809859976579901,0.002240753173828103
0.0006678520003333688,0.002240753173828103
0.0007527489979111124,0.002240753173828103
0.0008359829989785794,0.002240753173828103
0.0009198230000038166,0.002240753173828103
0.0010040589986601844,0.002240753173828103
0.0010956480000459123,0.002240753173828103
0.0011834949982585385,0.002240753173828103
0.0012668159979511984,0.002240753173828103
0.0013493939986801706,0.002240753173828103
0.0014313769970613066,0.002240753173828103
0.0015135489993554074,0.002233123779296853
0.001602065000042785,0.002233123779296853
0.0016846399994392414,0.002721405029296853
0.00176644299790496,0.002721405029296853
0.0018495349977456499,0.002721405029296853
0.0019325809989823028,0.002721405029296853
0.0020145369999227114,0.002721405029296853
0.0020974619983462617,0.002721405029296853
0.0021802869996463414,0.002721405029296853
0.002262698999402346,0.002721405029296853
0.002346104996831855,0.002721405029296853
0.0024289259999932256,0.002721405029296853
0.0025121649996435735,0.002721405029296853
0.0026025730003311764,0.002721405029296853
0.002743208999163471,0.002721405029296853
0.0028829379989474546,0.002721405029296853
0.003086387998337159,0.003579711914062478
0.0032029249996412545,0.003579711914062478
0.003337697999086231,0.003579711914062478
0.003492539999569999,0.003579711914062478
0.0036184700002195314,0.003579711914062478
0.0037660939997294918,0.003579711914062478
0.003911458999937167,0.003579711914062478
0.004054371998790884,0.003579711914062478
0.004201972998998826,0.003579711914062478
0.004348258997197263,0.003579711914062478
0.004437234998476924,0.003579711914062478
0,0
