delta,ram
0,0.00247459411621076
0.00018690799697651528,0.00247459411621076
0.00032204799936152995,0.00247459411621076
0.0004187619997537695,0.00295524597167951
0.0005105029995320365,0.00295524597167951
0.0006517919973703101,0.00295524597167951
0.0007430879995808937,0.00295524597167951
0.0009010509966174141,0.00295524597167951
0.0010154289993806742,0.00295524597167951
0.0011058659983973484,0.00295524597167951
0.0011933030000363942,0.00295524597167951
0.001291233998927055,0.00295524597167951
0.0013887079985579476,0.00295524597167951
0.001475670997024281,0.00295524597167951
0.0015676650000386871,0.00295524597167951
0.0016530679968127515,0.00294761657714826
0.0017362639991915785,0.00294761657714826
0.0018211369970231317,0.00293998718261701
0.0019211689977964852,0.00293998718261701
0.0020078739980817772,0.00293998718261701
0.0020931269973516464,0.00293998718261701
0.0021779629969387315,0.00293998718261701
0.002271024997753557,0.00293998718261701
0.0023635059988009743,0.00293998718261701
0.00244863299667486,0.00293998718261701
0.0025374109973199666,0.00293998718261701
0.0026225139990856405,0.00293998718261701
0.002707486997678643,0.00293998718261701
0.002791948998492444,0.003180313110351385
0.0028799679967050906,0.003180313110351385
0.0029673229983018246,0.003180313110351385
0.0030514409991155844,0.003180313110351385
0.003138745996693615,0.003180313110351385
0.003230446996894898,0.003180313110351385
0.0033173309966514353,0.003180313110351385
0.0034021939973172266,0.003180313110351385
0.0034862319989770185,0.003180313110351385
0.003574940998078091,0.003180313110351385
0.0036597689977497794,0.003180313110351385
0.0037494839998544194,0.003180313110351385
0.0038352299998223316,0.003180313110351385
0.003921348998119356,0.003180313110351385
0.0040055069985101,0.003180313110351385
0.004089896996447351,0.003180313110351385
0.004198016998998355,0.003180313110351385
0.0043559769983403385,0.003660964965820135
0.00451297699692077,0.003660964965820135
0.004684202998760156,0.003660964965820135
0.004864642996835755,0.003660964965820135
0.005030475997045869,0.003660964965820135
0.0051748529986070935,0.003660964965820135
0.005348081998818088,0.003660964965820135
0.005511254999873927,0.003660964965820135
0.005844149000040488,0.003660964965820135
0.006352467997203348,0.003660964965820135
0.006790447998355376,0.003660964965820135
0.006909813997481251,0.003660964965820135
0.007007632997556357,0.003660964965820135
0,0
