delta,ram
0,0.0017938613891601562
0.00018179499966208823,0.0017938613891601562
0.00034179200156359,0.0017938613891601562
0.00045050699918647297,0.0022745132446289062
0,0
-1,-1
