delta,ram
0,0.001753425598144509
0.00019170099949405994,0.001753425598144509
0.0003558289990905905,0.001753425598144509
0.0004619730007107137,0.001753425598144509
0.0005721889992855722,0.001753425598144509
0,0
-1,-1
