delta,ram
0,0.0024976730346679688
0.00018018699847743846,0.0029783248901367188
0.00034785499883582816,0.0029783248901367188
0.0004545599986158777,0.0029783248901367188
0.0005445669994514901,0.0029783248901367188
0.0006331849981506821,0.0029783248901367188
0.0007212729979073629,0.0029783248901367188
0.0008079580002231523,0.0029783248901367188
0.0008928709976316895,0.0029783248901367188
0.0009776329970918596,0.0029783248901367188
0,0
-1,-1
