delta,ram
0,0.00107574462890625
0.00018211700080428272,0.001556396484375
0.0003203000014764257,0.001556396484375
0.000435748999734642,0.001556396484375
0,0
-1,-1
