delta,ram
0,0.001483917236328125
0.00017746200137480628,0.001483917236328125
0.0003267940010118764,0.001483917236328125
0,0
-1,-1
