delta,ram
0,0.0020196914672852007
0.00012976200378034264,0.0020196914672852007
0.0002446450016577728,0.0020196914672852007
0.0003244719991926104,0.0020196914672852007
0.0003994530052295886,0.0020196914672852007
0.00047364100464619696,0.0020196914672852007
0.0005549060006160289,0.0020196914672852007
0.000634127005469054,0.0025003433227539507
0.0007075610046740621,0.0025003433227539507
0.0007795890051056631,0.0025003433227539507
0.0008511790001648478,0.0025003433227539507
0.0009324580023530871,0.0025003433227539507
0.0010051339995698072,0.0025003433227539507
0.0010961680018226616,0.0025003433227539507
0.0011721670016413555,0.0024850845336914507
0.0012721189996227622,0.0024850845336914507
0.001349902006040793,0.0024850845336914507
0.0014258350056479685,0.0024850845336914507
0.0015055080002639443,0.0024774551391602007
0.0015894259995548055,0.0024774551391602007
0.0016654520004522055,0.0024774551391602007
0.0017413669993402436,0.0024698257446289507
0.001817037002183497,0.0024698257446289507
0.0018929069992736913,0.0024545669555664507
0.001987476003705524,0.0024545669555664507
0.0021329290029825643,0.0024545669555664507
0.0023404490057146177,0.0026948928833008257
0.002510197002266068,0.0026948928833008257
0.0026237310012220405,0.0026948928833008257
0.002771194005617872,0.0026948928833008257
0.0029268310026964173,0.0026948928833008257
0.0030759790024603717,0.0026948928833008257
0.0032262810054817237,0.0026948928833008257
0.0033747960042092018,0.0026948928833008257
0.0035312110048835166,0.0026948928833008257
0.003710368000611197,0.0026872634887695757
0.0038049540016800165,0.0026872634887695757
0.003924864002328832,0.0026872634887695757
0.004061484003614169,0.0026796340942383257
0.004181269003311172,0.0026796340942383257
0.004267557000275701,0.0026796340942383257
0.004351116003817879,0.0026796340942383257
0.004433166999660898,0.0026796340942383257
0,0
