delta,ram
0,0.0024736404418945757
0.0002121840007021092,0.0024736404418945757
0.000349650999851292,0.0024736404418945757
0.00044532200263347477,0.0024736404418945757
0.0005353190026653465,0.0029542922973633257
0.0006220670002221595,0.0029542922973633257
0.0007095390028553084,0.0029542922973633257
0.0008725680017960258,0.0031869888305664507
0.0009722680006234441,0.0031869888305664507
0.0010670310002751648,0.0031869888305664507
0.0011539410006662365,0.0031869888305664507
0.0012490450026234612,0.0031869888305664507
0.0013429560021904763,0.0031869888305664507
0.001428031002433272,0.0031869888305664507
0.0015121590004127938,0.0031869888305664507
0.0015959850024955813,0.0031869888305664507
0.0016789170003903564,0.0031869888305664507
0.0017616930017538834,0.0031869888305664507
0.0018445220011926722,0.0031869888305664507
0.001927499000885291,0.0031869888305664507
0.0020102150010643527,0.0031869888305664507
0.002100032001180807,0.0036676406860352007
0.002185605000704527,0.0036676406860352007
0.0022688500030199066,0.0036676406860352007
0.0023514160020567942,0.0036676406860352007
0.0024335800007975195,0.0036676406860352007
0.002515994001441868,0.0036676406860352007
0.0025994120005634613,0.0036676406860352007
0.0026821850005944725,0.0036676406860352007
0.002764722001302289,0.0036676406860352007
0.002848075000656536,0.0036676406860352007
0.0029312879996723495,0.0036676406860352007
0.0030231029995775316,0.0036676406860352007
0.003113721002591774,0.0036676406860352007
0.0031979990017134696,0.0036676406860352007
0.0032814010010042693,0.0036676406860352007
0.0033643230017332826,0.0036676406860352007
0.0034472170009394176,0.0036676406860352007
0.003800890001002699,0.0036676406860352007
0.0040918060003605206,0.0036676406860352007
0.004282015001081163,0.0036676406860352007
0.004449096002645092,0.0036676406860352007
0.004623590000846889,0.0036676406860352007
0.004938881000271067,0.0036676406860352007
0.00515319500118494,0.0036676406860352007
0.005321977001585765,0.0036676406860352007
0.00550181899961899,0.0036676406860352007
0.005621014002826996,0.0036676406860352007
0.005782422002084786,0.0036676406860352007
0.005929195001954213,0.0036676406860352007
0.006096019002143294,0.0036676406860352007
0,0
