delta,ram
0,0.001499176025390625
0.00019595000048866495,0.001979827880859375
0.0003202049992978573,0.001979827880859375
0.0004104920008103363,0.001979827880859375
0.0005027860024711117,0.001979827880859375
0.0005804640022688545,0.001979827880859375
0.0006567610034835525,0.001979827880859375
0.0007412199993268587,0.001979827880859375
0.0008303740032715723,0.001979827880859375
0.0009134470019489527,0.001979827880859375
0.0009901360026560724,0.001979827880859375
0.0010767300045699812,0.001979827880859375
0.001154764999228064,0.001979827880859375
0.0012303870025789365,0.001979827880859375
0.0013053110014880076,0.001979827880859375
0.0013795230042887852,0.001979827880859375
0.0014761860002181493,0.001979827880859375
0.0015557150036329404,0.001979827880859375
0.0016385280032409355,0.001979827880859375
0.0017186580007546581,0.001979827880859375
0.0017983200013986789,0.001979827880859375
0.0018776939978124574,0.001979827880859375
0.001971490004507359,0.001979827880859375
0.002046230001724325,0.001979827880859375
0.002120789999025874,0.002460479736328125
0.002194745000451803,0.002460479736328125
0.0022686570009682328,0.002460479736328125
0.002371914997638669,0.002460479736328125
0.0024556830030633137,0.002460479736328125
0.0025385190019733272,0.002460479736328125
0.0026217370032100007,0.002460479736328125
0.0027046440009144135,0.002460479736328125
0.0027871120037161745,0.002460479736328125
0.002869080999516882,0.002460479736328125
0.0029564030046458356,0.002460479736328125
0.0030693880034959875,0.002460479736328125
0.003159170999424532,0.002460479736328125
0.0032432709995191544,0.002460479736328125
0.003326671998365782,0.002460479736328125
0.0034207240023533814,0.002460479736328125
0.0035118820014758967,0.002460479736328125
0.0035857219991157763,0.002460479736328125
0.003659203997813165,0.002460479736328125
0.003732753000804223,0.002460479736328125
0.003805924003245309,0.002460479736328125
0.003879752002831083,0.002941131591796875
0.003958706998673733,0.002941131591796875
0,0
