delta,ram
0,0.002722167968750022
0.00019293301738798618,0.002722167968750022
0.00037974800216034055,0.002962493896484397
0.0004894849844276905,0.002962493896484397
0.0005832650349475443,0.002962493896484397
0.000673476024530828,0.002962493896484397
0.0007620060350745916,0.002962493896484397
0.0008496710215695202,0.002962493896484397
0.000936456024646759,0.002962493896484397
0.0010235380032099783,0.002962493896484397
0.0011101780110038817,0.002962493896484397
0.0012233920278958976,0.002962493896484397
0.001328373036812991,0.003443145751953147
0.0014158770209178329,0.003443145751953147
0.001501305028796196,0.003443145751953147
0.0015855170204304159,0.003443145751953147
0.001670339028351009,0.003443145751953147
0.0017557500395923853,0.003443145751953147
0.0018398480024188757,0.003443145751953147
0.0019249600009061396,0.003443145751953147
0.0020140359993092716,0.003443145751953147
0.002099278033711016,0.003443145751953147
0.0021851889905519783,0.003443145751953147
0.0022779449936933815,0.003443145751953147
0.0023629229981452227,0.003443145751953147
0.0024474430247209966,0.003443145751953147
0.002530587022192776,0.003443145751953147
0.002618391008581966,0.003443145751953147
0.002706288010813296,0.003443145751953147
0.002792991988826543,0.003923797607421897
0.0028784979949705303,0.003923797607421897
0.0029620819841511548,0.003923797607421897
0.0030454579973593354,0.003923797607421897
0.003128835989627987,0.003923797607421897
0.003212040988728404,0.003923797607421897
0.003305295016616583,0.003923797607421897
0,0
