delta,ram
0,0.002469635009765603
0.00018033699961961247,0.002469635009765603
0.0003128099997411482,0.002950286865234353
0.0004212459971313365,0.002950286865234353
0.0005126399992150255,0.002950286865234353
0.0006006089970469475,0.002950286865234353
0.000687411997205345,0.002950286865234353
0.0007727689990133513,0.002950286865234353
0.0008658249971631449,0.002950286865234353
0.0009516649988654535,0.002950286865234353
0.0010422889972687699,0.002950286865234353
0.0011369109997758642,0.002950286865234353
0.0012255569999979343,0.002950286865234353
0.0013091089967929292,0.002950286865234353
0.0013914829978602938,0.002950286865234353
0.0014750339978490956,0.002950286865234353
0.0015581259976897854,0.003430938720703103
0.0016407529983553104,0.003430938720703103
0.001757066998834489,0.003430938720703103
0.0018557559997134376,0.003430938720703103
0.0019403489968681242,0.003430938720703103
0.002024083998549031,0.003430938720703103
0.0021072210001875646,0.003430938720703103
0.002190110997617012,0.003430938720703103
0.002272130997880595,0.003430938720703103
0.002354448999540182,0.003430938720703103
0.002436814997054171,0.003430938720703103
0.002519097997719655,0.003430938720703103
0.0026024599974334706,0.003430938720703103
0.0026851650000025984,0.003430938720703103
0.002767359997960739,0.003430938720703103
0.002858593998098513,0.003430938720703103
0.0029421170002024155,0.003430938720703103
0.003025195997906849,0.003430938720703103
0.0031082189998414833,0.003430938720703103
0.003191019997757394,0.003430938720703103
0.003273288999480428,0.003911590576171853
0,0
