delta,ram
0,0.002753067016601607
0.000183857002411969,0.003233718872070357
0.0003278230033174623,0.003233718872070357
0.000434864003182156,0.003233718872070357
0.0005506640009116381,0.003233718872070357
0.0006415500029106624,0.003233718872070357
0.0007396880027954467,0.003233718872070357
0,0
-1,-1
