delta,ram
0,0.002368927001953125
0.0002157399976567831,0.002368927001953125
0.00037316899761208333,0.002368927001953125
0.00047120199815253727,0.002368927001953125
0.0005711409976356663,0.002368927001953125
0.0006679819998680614,0.002849578857421875
0.0009054959991772193,0.002849578857421875
0.001079040997865377,0.002849578857421875
0.001230677000421565,0.002849578857421875
0,0
-1,-1
