delta,ram
0,0.002685546875
0.00021809499958180822,0.002685546875
0,0
-1,-1
