delta,ram
0,0.0017578124999999556
0.0001798859993868973,0.0019981384277343306
0.00031330099955084734,0.0019981384277343306
0.00041047199920285493,0.0019981384277343306
0.0005081460003566463,0.0019981384277343306
0.0005995629981043749,0.0019981384277343306
0.0006879149987071287,0.0019981384277343306
0.0007726820003881585,0.0019981384277343306
0.0008578349988965783,0.0024864196777343306
0.0009418490008101799,0.0024864196777343306
0.001025279998430051,0.0024864196777343306
0.001116747000196483,0.0024864196777343306
0.0012070150005456526,0.0024864196777343306
0.0012918920001538936,0.0024864196777343306
0.0013769239994871896,0.0024864196777343306
0.0014667779978481121,0.0024864196777343306
0.0015522180001426022,0.0024864196777343306
0.0016470230002596509,0.0024864196777343306
0.0017346950007777195,0.0024864196777343306
0.0018189170004916377,0.0024864196777343306
0.0019070199996349402,0.0034477233886718306
0.0019910500013793353,0.0034477233886718306
0.0020748559982166626,0.0034477233886718306
0.0021584030000667553,0.0034477233886718306
0.0022422119982365984,0.0034477233886718306
0.002328923001186922,0.0034477233886718306
0.002413471000181744,0.0034400939941405806
0.0025028609998116735,0.0034400939941405806
0.002588021001429297,0.0034400939941405806
0.0026723570008471143,0.0034400939941405806
0.0028018849989166483,0.0034400939941405806
0.0029557230009231716,0.0034400939941405806
0.003101596998021705,0.0034400939941405806
0.0032389480002166238,0.0034400939941405806
0.003384449999430217,0.0034400939941405806
0.003552408998075407,0.0034400939941405806
0.003720214001077693,0.0036651611328124556
0.0038897619997442234,0.0035964965820312056
0,0
