delta,ram
0,0.0027574539184570535
0.00023365201195701957,0.0027574539184570535
0.0003743890265468508,0.0027574539184570535
0.0004707150219473988,0.0027574539184570535
0.0005591390072368085,0.0032381057739258035
0.0006457330018747598,0.0032381057739258035
0.0007304840255528688,0.0032381057739258035
0.0008141040161717683,0.0032381057739258035
0.0008977120160125196,0.0032381057739258035
0.000981890014372766,0.0032381057739258035
0.001065737014869228,0.0032381057739258035
0.0011639820004347712,0.0037187576293945535
0.001249796012416482,0.0037187576293945535
0.0013337020063772798,0.0037187576293945535
0.0014251140237320215,0.0037187576293945535
0.0015090540109667927,0.0037187576293945535
0.0015925420157145709,0.0037187576293945535
0.0016764460015110672,0.0037187576293945535
0.00176364800427109,0.0037187576293945535
0.0018481580191291869,0.0037187576293945535
0.0019319690181873739,0.0037187576293945535
0.0020154580124653876,0.0037187576293945535
0.002098427008604631,0.0037187576293945535
0.0021812680060975254,0.0037187576293945535
0.002263992006191984,0.0037187576293945535
0.002346776018384844,0.0037187576293945535
0.0024354449997190386,0.0037187576293945535
0.002518658002372831,0.0037187576293945535
0.002601969026727602,0.0037187576293945535
0.002692298003239557,0.0037187576293945535
0.0027767520223278552,0.0037187576293945535
0.0028602100210264325,0.0037187576293945535
0.0029531620093621314,0.0037187576293945535
0.0030905190214980394,0.0037187576293945535
0.003233235009247437,0.0037187576293945535
0.003374792024260387,0.0037187576293945535
0.003519626014167443,0.0037187576293945535
0.003657441004179418,0.0037149429321289285
0.0038164860161487013,0.0041574478149414285
0.003908874001353979,0.0041269302368164285
0.004020870022941381,0.0041269302368164285
0.004161041026236489,0.0041269302368164285
0.004296975006582215,0.0041269302368164285
0.004414150025695562,0.0041269302368164285
0,0
