delta,ram
0,0.00318145751953125
0.00018119300148100592,0.00318145751953125
0.00032141400151886046,0.003662109375
0.0004285710019757971,0.003662109375
0,0
-1,-1
