delta,ram
0,0.003051948547363237
0.00017170299906865694,0.003051948547363237
0.00031959199986886233,0.003051948547363237
0.0004180069990979973,0.002552223205566362
0.000507089000166161,0.002552223205566362
0.0005999940003675874,0.002552223205566362
0.0006865510003990494,0.002552223205566362
0.0007703629999014083,0.002552223205566362
0.0008536599998478778,0.002552223205566362
0.0009368629980599508,0.003093910217285112
0.0010194879978371318,0.003093910217285112
0.0011104289987997618,0.003093910217285112
0.0011989649974566419,0.003093910217285112
0.0012817659990105312,0.003093910217285112
0.0013650229993800167,0.003093910217285112
0.0014475450007012114,0.003093910217285112
0.0015328819972637575,0.003093910217285112
0.0016230469991569407,0.003093910217285112
0.0017090490000555292,0.003093910217285112
0.001792102000763407,0.003719520568847612
0.00187816299876431,0.003719520568847612
0.0019611919997259974,0.003719520568847612
0.0020446249982342124,0.003719520568847612
0.0021278559979691636,0.003719520568847612
0.002233496998087503,0.003719520568847612
0.0023843489980208687,0.003719520568847612
0.0025294089973613154,0.003719520568847612
0.0026849319983739406,0.003719520568847612
0.0028235429999767803,0.003719520568847612
0.002974481998535339,0.003719520568847612
0.003124253998976201,0.003719520568847612
0.003280242999608163,0.003719520568847612
0.0034045969987346325,0.003719520568847612
0,0
