delta,ram
0,0.001494026184082009
0.00019472200074233115,0.001494026184082009
0.0003382930008228868,0.001494026184082009
0.00043622899102047086,0.001494026184082009
0.0005266600055620074,0.001974678039550759
0.000614953984040767,0.001974678039550759
0.0007122239912860096,0.001974678039550759
0.0007984389958437532,0.001974678039550759
0.0008845299889799207,0.001974678039550759
0.0009732419857755303,0.001974678039550759
0.0010587610013317317,0.001974678039550759
0.0011589739879127592,0.001974678039550759
0.0012482909951359034,0.001974678039550759
0.001333861000603065,0.001974678039550759
0.0014202290039975196,0.002523994445800759
0.0015044919855426997,0.002523994445800759
0.001589335995959118,0.002523994445800759
0.001680311979725957,0.002523994445800759
0.0017690029926598072,0.002523994445800759
0.001854595000622794,0.002523994445800759
0.0019386749772820622,0.003103828430175759
0.0020226920023560524,0.003103828430175759
0.0021068709902465343,0.003103828430175759
0.0021907729969825596,0.003103828430175759
0.0023240059963427484,0.003103828430175759
0.002435278001939878,0.003103828430175759
0.002580036991275847,0.003103828430175759
0.0027355380007065833,0.003103828430175759
0.0028824439796153456,0.003103828430175759
0.0030271889991126955,0.003103828430175759
0.0033717719779815525,0.003096199035644509
0.003645697986939922,0.003096199035644509
0.0038140690012369305,0.003096199035644509
0.003929692000383511,0.003096199035644509
0.004094515985343605,0.003096199035644509
0.004263306997017935,0.003096199035644509
0.004424991988344118,0.003096199035644509
0.004580340988468379,0.003096199035644509
0.004750213993247598,0.003096199035644509
0.004898320999927819,0.003096199035644509
0.004996962001314387,0.003096199035644509
0.0050887109828181565,0.003096199035644509
0,0
